concept_id,explanation,label
atoms_molecules,"So basically, an atom is like the tiny building block of everything. It's got a center called a nucleus with protons and neutrons, while electrons zip around the outside. Protons are positive, electrons are negative, and neutrons don't have a charge. When you have the same number of protons and electrons, the atom is neutral. Molecules happen when those atoms hook up together, and if you mix different elements, you get a compound like water.",good
atoms_molecules,"Atoms are the smallest bits of an element that still act like that element. Inside them, you have a nucleus with protons and neutrons, and electrons are moving around it. Protons are positive and electrons are negative, so if the numbers match, the atom is neutral. A molecule is when atoms stick together with bonds. Molecules of compounds have different kinds of atoms inside.",good
atoms_molecules,"Think of an atom as the base unit for elements. It has a nucleus with positive protons and neutral neutrons, with negative electrons orbiting it. If the count of protons and electrons is the same, the charge is zero. Molecules are made when atoms bond. A compound molecule is just when you have different elements joined up, like water.",good
atoms_molecules,"An atom is the smallest part of an element that keeps its identity. It has protons and neutrons in the middle, and electrons are flying around. Protons are positive, electrons are negative, and neutrons are neutral. A neutral atom is balanced because protons and electrons are equal. Molecules are just atoms stuck together, and a compound molecule has different elements in it.",good
atoms_molecules,"Atoms are tiny pieces of stuff. They have a nucleus in the middle with protons and neutrons, and electrons around them. Protons have a plus charge, electrons have a minus charge, and neutrons are neutral. A neutral atom has the same amount of protons and electrons. When atoms bond together, they form a molecule. If the molecule has different types of atoms, we call that a compound.",good
atoms_molecules,"Basically, atoms are the building blocks. Inside, protons and neutrons hang out in the center, and electrons move around. Protons are positive, electrons are negative, and neutrons have no charge. If you have equal protons and electrons, it's neutral. When atoms connect, they make a molecule. A molecule of a compound is just different elements put together.",good
atoms_molecules,"The atom is the smallest unit of an element that still has its properties. It has a central nucleus with protons and neutrons, and electrons moving in the space around it. Protons are positive, electrons are negative, and neutrons are neutral. A neutral atom is balanced because it has equal protons and electrons. Molecules are formed when atoms bond, and those with different atoms are compound molecules.",good
atoms_molecules,"Atoms are the smallest part of an element. The nucleus has protons and neutrons, and electrons orbit it. Protons are positive, electrons are negative, and neutrons don't have any charge. A neutral atom has equal protons and electrons. When atoms join by bonds, they are molecules. Water is a good example of a molecule of a compound because it has different elements.",good
atoms_molecules,"Atoms have a nucleus with protons and neutrons. Electrons are always moving around the nucleus. Protons are positive, electrons are negative, and neutrons are neutral. If protons and electrons are equal, the atom is neutral. Molecules are groups of atoms bonded together. If the molecule has different elements, it's a compound.",good
atoms_molecules,"Every element is made of atoms, which are the smallest units that act like the element. The nucleus has protons and neutrons, while electrons move around. Protons are positive, electrons are negative, and neutrons are neutral. A neutral atom has the same number of protons and electrons. Molecules are just atoms bonded together. When a molecule has different elements, like oxygen and hydrogen in water, it's a compound.",good
atoms_molecules,"Atoms are very small parts of elements. They have protons and neutrons in the center. Electrons move around the center. Protons are positive, electrons are negative, and neutrons are neutral. If protons equal electrons, the atom is neutral. Molecules are two or more atoms stuck together. If the molecule has different atoms, it is a compound.",good
atoms_molecules,"So an atom is the smallest bit of an element that keeps its own character. Inside, there is a nucleus with protons and neutrons, and negative electrons moving around. Because protons are positive, the atom stays neutral if the electron count matches the proton count. Molecules are just atoms bonded together. A compound molecule, like water, is made of different elements.",good
atoms_molecules,"Atoms are the building blocks of matter. They have a center called a nucleus with protons and neutrons, and electrons move around it. Protons have a positive charge, electrons have a negative charge, and neutrons are neutral. If an atom has the same number of protons and electrons, it is neutral. When atoms bond, they form a molecule. A compound molecule is made of different elements.",good
atoms_molecules,"The atom is the smallest part of an element that still works like that element. It has protons and neutrons in the nucleus and electrons moving around it. Protons are positive, neutrons are neutral, and electrons are negative. If the proton and electron count is the same, the atom is neutral. A molecule is made when atoms join by chemical bonds. Compounds are molecules with different elements inside.",good
atoms_molecules,"Atoms are the basic units of elements. They contain a nucleus with positive protons and neutral neutrons, with negative electrons circling them. A neutral atom has the same amount of protons and electrons. Molecules form when atoms join by bonds. A molecule of a compound contains atoms of different elements.",good
atoms_molecules,"Atoms are the tiny building blocks of everything. They have protons and neutrons in the middle and electrons flying around the outside, but I don't really get how they turn into molecules.",partial
atoms_molecules,"So, an atom is the smallest part of an element. It has a nucleus with protons and neutrons, and the electrons are moving around it. Protons are positive and electrons are negative. That's all I know.",partial
atoms_molecules,Molecules are just when a few atoms stick together with chemical bonds. Like water is a molecule because it has hydrogen and oxygen joined up. Pretty sure that's how it works.,partial
atoms_molecules,"I know that atoms have a nucleus in the center with protons and neutrons. The electrons are always moving around in orbits outside. If an atom is neutral, it means the positive and negative charges are the same.",partial
atoms_molecules,"An atom is the smallest piece of an element that still acts like that element. It's made of protons, neutrons, and electrons. Protons have a plus charge and electrons have a minus charge.",partial
atoms_molecules,"In my understanding, a molecule is formed when two or more atoms bond together. Sometimes these atoms are from different elements, like in a compound, but that is basically the definition.",partial
atoms_molecules,"Atoms are really small and make up all matter. The center is called a nucleus and it has neutrons and protons. I think the electrons are negative, but I'm not totally sure how they stay there.",partial
atoms_molecules,"Basically, atoms are the base unit of stuff. They are made of protons and neutrons in the center. If you have equal protons and electrons, the atom doesn't have a charge.",partial
atoms_molecules,"Molecules are just groups of atoms held together by bonds. If you have different elements like H2O, it's called a compound. I think that covers it.",partial
atoms_molecules,"The nucleus is in the middle of the atom with protons and neutrons. Electrons go around it. When atoms join together, they make molecules, but I forgot why they join.",partial
atoms_molecules,"I study that atom is smallest part of element. It has positive proton and neutral neutron in center. Also there are electron, but I am not sure about charge of electron.",partial
atoms_molecules,"If an atom has the same amount of protons and electrons, it's neutral. The nucleus holds the protons and neutrons together. I haven't really learned about molecules yet though.",partial
atoms_molecules,"Atoms have a nucleus and electrons moving around. Protons are positive, neutrons are neutral, and electrons are negative. That's the structure of an atom.",partial
atoms_molecules,A molecule is when two or more atoms connect. Like water is a molecule because it has hydrogen and oxygen. It's just atoms connected by chemical bonds.,partial
atoms_molecules,"I know atoms make up everything. They have a nucleus with protons and neutrons, and electrons move around them. Some atoms can join together to make molecules.",partial
atoms_molecules,"An atom is the smallest particle of an element that can take part in a chemical reaction. Atoms consist of a nucleus containing protons and neutrons, surrounded by electrons revolving in orbits.",memorized
atoms_molecules,I know this one. A molecule is the smallest particle of an element or a compound that is capable of independent existence and shows all the properties of that substance. Atoms are just the parts that make them up.,memorized
atoms_molecules,"The book says atoms consist of a nucleus containing protons and neutrons, surrounded by electrons revolving in orbits. That is the definition.",memorized
atoms_molecules,Atom is smallest particle of element that can take part in chemical reaction. Molecule is smallest particle of element or compound that is capable of independent existence and shows all properties of that substance. This is what I memorize.,memorized
atoms_molecules,"Atoms consist of a nucleus containing protons and neutrons, surrounded by electrons revolving in orbits. Pretty sure that covers it.",memorized
atoms_molecules,My notes say an atom is the smallest particle of an element that can take part in a chemical reaction. A molecule is the smallest particle of an element or a compound that is capable of independent existence and shows all the properties of that substance.,memorized
atoms_molecules,Atoms are made of protons and neutrons in a nucleus and electrons revolving around. It is the smallest particle of an element that can take part in a chemical reaction.,memorized
atoms_molecules,"Basically, an atom is the smallest particle of an element that can take part in a chemical reaction. Then a molecule is the smallest particle of an element or a compound that is capable of independent existence and shows all the properties of that substance. That's all I have.",memorized
atoms_molecules,"Teacher, the book say atoms consist of a nucleus containing protons and neutrons, surrounded by electrons revolving in orbits. Is this correct?",memorized
atoms_molecules,"An atom is the smallest particle of an element that can take part in a chemical reaction, and atoms consist of a nucleus containing protons and neutrons, surrounded by electrons revolving in orbits. A molecule is the smallest particle of an element or a compound that is capable of independent existence and shows all the properties of that substance.",memorized
atoms_molecules,Basically an atom is just a tiny molecule. When you put them together they form a big clump.,wrong
atoms_molecules,I think atoms are made of a bunch of protons and some electrons sitting in the middle. The electrons don't move because they are stuck in the nucleus with the protons.,wrong
atoms_molecules,"Atoms have more protons than electrons, so that makes them positive. If they had the same amount, they wouldn't really do anything.",wrong
atoms_molecules,A molecule is just another word for an atom. It's the same thing.,wrong
atoms_molecules,"The center part is where the electrons stay still. The protons are orbiting around the outside of the nucleus, which gives the atom its charge.",wrong
atoms_molecules,Every molecule must be a compound because you need at least two different things to make one. Oxygen gas isn't a molecule because it's just the same element twice.,wrong
atoms_molecules,"Is not possible for atom to be neutral. Atom always have more proton than electron, so atom is always positive charged, this is basic chemistry.",wrong
atoms_molecules,"Atoms are just molecules that are alone. Once they join up with someone else, they turn into a compound molecule.",wrong
atoms_molecules,"The electrons are trapped inside the nucleus with the neutrons. They don't move around, they just sit there.",wrong
atoms_molecules,"If you have an atom, it's definitely going to be positive because the protons are stronger than the electrons. My teacher said atoms are just charged bits of matter.",wrong
cell_structure,"Basically, cells are the tiny building blocks that make up every living thing. Inside, there's a nucleus acting like a brain to manage DNA, while the jelly-like cytoplasm holds everything together. Mitochondria are pretty cool because they make all the energy the cell needs. If you look at plant cells, they've got extra stuff like a tough wall, chloroplasts for making food, and a big space for storage. Also, some cells have a nucleus and some don't, which is the main difference between eukaryotic and prokaryotic ones.",good
cell_structure,"Every living thing is made of these small units called cells. The outer layer, the membrane, decides what gets in or out. The control center is the nucleus with the genetic info. Everything floats in cytoplasm. Mitochondria make the energy. Plants are different because they have a cell wall and chloroplasts for energy from the sun plus a big vacuole. There are two types: cells with a nucleus and cells without one.",good
cell_structure,"I think cells are like the tiny bricks that build up organisms. The membrane keeps it together and screens what enters. The middle part, the nucleus, has the DNA blueprint. Mitochondria are where the energy gets released. The gooey stuff inside is cytoplasm. Plants have extra features like a wall for structure and chloroplasts to do photosynthesis, plus a huge vacuole. Eukaryotic ones have a nucleus while prokaryotic ones just have DNA floating around.",good
cell_structure,"Cells are the main unit of life. The membrane controls entry and exit. Nucleus holds the DNA and runs things. Cytoplasm is the fluid filling the space. Mitochondria provide energy. Plant cells have a wall, chloroplasts, and a vacuole, which animals lack. Prokayotic cells have no nucleus, but eukaryotic ones do.",good
cell_structure,"Everything is made of cells, like plants and us. The membrane is the gatekeeper. The nucleus is the boss and keeps DNA safe. Stuff happens in the cytoplasm fluid. Energy comes from mitochondria. Plant cells have a hard wall and chloroplasts for photosynthesis and a big vacuole. Eukaryotic cells have a real nucleus, unlike prokaryotic cells.",good
cell_structure,"Basically, cells are the basic structure of life. The cell membrane manages what goes in and out, and the nucleus stores DNA and directs everything. All the reactions happen in the cytoplasm. Mitochondria are basically power plants. Plants also have a cell wall, chloroplasts to make sugar, and a large vacuole. The difference between eukaryotic and prokaryotic is that only the first type has a nucleus.",good
cell_structure,"Cells are the most basic part of living things. Cell membrane is the border. Nucleus is the control center. Cytoplasm is the jelly where reactions go. Mitochondria is the powerhouse. Plants have cell walls, chloroplasts, and vacuoles. Eukaryotic have a nucleus but prokaryotic don't.",good
cell_structure,"The cell is the smallest unit of living stuff. The nucleus holds the genetic code. The cytoplasm is the liquid inside. The membrane regulates traffic. Energy is made in the mitochondria. Plants are special with their wall, chloroplasts, and vacuole. If a cell has a nucleus it's eukaryotic, if not, it's prokaryotic.",good
cell_structure,"All life comes from cells. Cell membrane controls what enters. Nucleus is the control room with DNA. Mitochondria is the powerhouse. Cytoplasm is the fluid. Plant cells have extra things like a cell wall, chloroplasts, and vacuole. Prokayotic cells don't have a nucleus, but eukaryotic cells do have one.",good
cell_structure,"So cells are like units of life. Membrane is the wrap. Nucleus is the control center for DNA. Mitochondria are energy makers. Cytoplasm is the filler. Plant cells have a rigid wall, chloroplasts, and a big vacuole. Eukaryotic cells contain a nucleus while prokaryotic cells have no nucleus.",good
cell_structure,"Cell is basic unit of life. Membrane guards the inside. Nucleus is like the brain with DNA inside. Energy is made in mitochondria. Cytoplasm is jelly where organelles live. Plants have a rigid wall, chloroplasts, and big vacuole. Eukaryotic cell has nucleus, prokaryotic cell has none.",good
cell_structure,"Cells make up everything that is alive. The membrane allows stuff in and out. The nucleus runs the show with DNA. The cytoplasm is the liquid that holds everything. Mitochondria create the energy. Plants have a wall, a big vacuole, and chloroplasts for photosynthesis. Eukaryotic cells have a nucleus, but prokaryotic ones don't.",good
cell_structure,"Living things are made of cells. Cell membrane acts like a barrier. Nucleus stores DNA and controls the cell. Cytoplasm is a jelly fluid. Mitochondria produce energy. Plants have cell wall, chloroplasts, and a large vacuole. Eukaryotic cells have a nucleus and prokaryotic cells lack a nucleus.",good
cell_structure,"Everything alive is made of cells. The membrane controls what gets in. The nucleus is the boss and has DNA. Everything floats in the cytoplasm. Mitochondria produce energy for the cell. Plants have a wall, chloroplasts, and a vacuole. Prokayotic cells don't have a nucleus, eukaryotic ones do.",good
cell_structure,"Cells are the building blocks of living things. The membrane surrounds the cell and checks what passes through. The nucleus controls the cell and houses DNA. The cytoplasm is a jelly-like substance. Mitochondria make the energy. Plant cells have a cell wall, chloroplasts, and a vacuole. Eukaryotic cells have a nucleus and prokaryotic cells have no nucleus.",good
cell_structure,"Cells are the building blocks for every living thing. Inside, they have a nucleus that holds the DNA, and a membrane around the outside to keep stuff in or out. There's also jelly-like cytoplasm everywhere inside.",partial
cell_structure,"I know that mitochondria are the powerhouses because they make energy for the cell. Also, plant cells have a wall and chloroplasts to do photosynthesis, but animal cells don't have those parts.",partial
cell_structure,"Cells are the smallest unit of life. Some are eukaryotic with a nucleus, and some are prokaryotic without one. They all have a membrane around them to control what gets in and out.",partial
cell_structure,The nucleus is like the brain of the cell because it has the DNA. Inside the cell is cytoplasm which is a fluid where organelles hang out. But I'm not really sure how the energy part works.,partial
cell_structure,Plants are different from us because they have a big vacuole and a hard cell wall to keep them standing up. They also use chloroplasts to turn sunlight into food. Animal cells are just missing those three things.,partial
cell_structure,"Every living thing is made of cells, which are the main units of life. The nucleus stores the DNA and tells the cell what to do. The cell membrane acts like a border patrol.",partial
cell_structure,The cytoplasm is a jelly liquid where things float. Mitochondria are very important because they release energy through respiration. I think that's basically it for how a cell works.,partial
cell_structure,"Prokaryotic cells don't have a nucleus for their DNA, but eukaryotic ones do. That is the biggest difference between them. Everything is filled with cytoplasm and organelles.",partial
cell_structure,Animal and plant cells both have a membrane and cytoplasm. The mitochondria provide the energy. Plant cells have extra bits like the cell wall and chloroplasts for making food.,partial
cell_structure,Cells are the basic unit of living things. The membrane controls what goes in and out. The nucleus holds the genetic material. I forget what the other parts do though.,partial
cell_structure,The mitochondria make energy for the cell. This is why they call it the powerhouse. Plant cells are special because they have a wall and chloroplasts.,partial
cell_structure,Nucleus contains DNA and controls the cell activities. Membrane surrounds the cell. But I am confused about what happens in the cytoplasm and what mitochondria do.,partial
cell_structure,All life is made of cells. Eukaryotic cells have a nucleus but prokaryotic cells don't. That's the main way you can tell them apart.,partial
cell_structure,Plant cells have a cell wall which is very rigid. They also have chloroplasts for photosynthesis and a large vacuole. These things aren't found in animals.,partial
cell_structure,Mitochondria produce energy through respiration. The cytoplasm is the jelly where reactions happen. Cells are the fundamental unit of life.,partial
cell_structure,"The cell is the basic structural and functional unit of life, and all living organisms are composed of cells. Also the nucleus is the control centre of the cell and contains the genetic material. Plant cells differ from animal cells in having a cell wall, chloroplasts and a large central vacuole.",memorized
cell_structure,"A cell is the basic unit of structure and function for all living things. The nucleus is the control center and it holds the DNA. Plant cells have cell walls, chloroplasts, and a vacuole, which animal cells don't have.",memorized
cell_structure,"The cell is the basic structural and functional unit of all living things. The cell membrane controls what goes in and out, the nucleus stores DNA, and the mitochondria provide energy. Plant cells have a cell wall, chloroplasts, and a vacuole.",memorized
cell_structure,"According to my notes, the cell is the basic structural and functional unit of life. All living organisms are made of cells. The nucleus is the control centre and has genetic material. Plant cells have a cell wall, chloroplasts, and a large central vacuole, unlike animal cells.",memorized
cell_structure,"Cell is basic unit of life. Nucleus is control centre, has DNA. Plant cells have wall, chloroplasts, big vacuole. That is what textbook say.",memorized
cell_structure,"The cell is the basic structural and functional unit of all living things. The nucleus acts as the control centre and contains the DNA. The mitochondria are the powerhouse of the cell. Plant cells are different because they have a cell wall, chloroplasts, and a large central vacuole.",memorized
cell_structure,"Basically, the cell is the basic structural and functional unit of life, and all living organisms are composed of cells. The nucleus is the control centre of the cell and contains the genetic material. Plant cells differ from animal cells in having a cell wall, chloroplasts and a large central vacuole. I think that's right.",memorized
cell_structure,"The cell is the basic structural and functional unit of all living things. The cell membrane regulates the entry and exit of materials, while the nucleus controls activities and stores DNA. Plant cells are distinct as they possess a cell wall, chloroplasts, and a large central vacuole.",memorized
cell_structure,"The nucleus is the control centre of the cell and contains the genetic material. Also, the cell is the basic structural and functional unit of life. Plant cells differ from animal cells in having a cell wall, chloroplasts and a large central vacuole.",memorized
cell_structure,"The cell is the basic structural and functional unit of all living things. Eukaryotic cells have a nucleus but prokaryotic cells do not. Plant cells have a cell wall, chloroplasts and a large vacuole, which are different from animal cells.",memorized
cell_structure,"Cells are just the things inside animals that hold everything together, like little bags of water. They have a nucleus to hold DNA, but plants don't really have cells because they're made of wood and stuff, not biological material.",wrong
cell_structure,"The cell membrane and the cell wall are basically the same thing, just a hard shell around the cell. Inside, there is a nucleus and some cytoplasm which is just empty space where the cell stores air.",wrong
cell_structure,"In biology, cells are the building blocks of animal life. Every cell has a nucleus that controls it, even the simple ones like bacteria. The cytoplasm is just the hollow room where the nucleus sits.",wrong
cell_structure,"The cell is a unit that makes up animals. Plants are different because they are solid, not made of cells like we are. Also, the cytoplasm is just an empty area inside the cell membrane.",wrong
cell_structure,"Cells are the unit of life, but they all have a nucleus to function. I think the cell wall and membrane are the same, just the outer layer that protects it. Also, plants don't have cells.",wrong
cell_structure,"The cell membrane is the rigid outer wall that keeps everything inside. Inside the cell is the nucleus and the cytoplasm, which is basically an empty gap. Prokaryotic cells also have a nucleus just like eukaryotic ones do.",wrong
cell_structure,"I understand that the nucleus is the boss of the cell, but I'm confused about the cytoplasm. Is it just empty space? Also, I don't think plants have cells because they don't move or have organelles like animals.",wrong
cell_structure,"All cells must have a nucleus to contain the DNA. The cytoplasm is just the empty hole inside the cell. Actually, I believe only animal cells have a cell membrane because plants use a cell wall for everything, so they don't need a membrane.",wrong
cell_structure,"My teacher said mitochondria release energy, but I don't think plant cells have them. Plants only have a cell wall which acts like the cell membrane to let things in and out. The inside of the cell is mostly just cytoplasm, which is an empty void.",wrong
cell_structure,"Every living thing has cells with a nucleus. The cell wall is the same as the membrane. If the cell is empty because the cytoplasm is just a space, then the nucleus is the only thing doing the work.",wrong
newtons_laws,"Basically, things like to keep doing what they're already doing, whether that's sitting still or moving, unless something pushes or pulls on them. If you want to change how fast something is going, you have to use a force, and how much it speeds up depends on how heavy it is. F=ma is the formula for this. Also, if I push a wall, the wall is technically pushing back on me with the same amount of force. They are on different things, so that is why I don't just stay in one spot.",good
newtons_laws,"Newton’s first law is about how objects want to stay put or keep going in a straight line unless there is a net force. The second law is like saying the harder you shove something, the faster it moves, but heavier stuff is way harder to get moving. For the third law, every time there is an action, there is an equal reaction. It’s like when you jump off a boat; you move forward and the boat moves back because the forces are pairs acting on different objects.",good
newtons_laws,"Objects have inertia, which means they resist changes to their motion. If you apply a net force, you can get it to accelerate. The math part is force = mass * acceleration. If an object is really massive, you need way more force to get it going. Also, every force comes with a partner force. These forces happen on separate objects, so they don't just cancel out to zero.",good
newtons_laws,"Okay so, first law: stuff doesn't stop or turn unless a force makes it happen. Second law is about how force equals mass times acceleration, so if something is really heavy, you gotta push harder to get it moving. Third law says forces are always pairs. Like, if you hit a ball, the ball hits your hand back with the same strength. They happen to different things so they don't cancel out.",good
newtons_laws,"Physics is basically that an object in motion stays in motion. You need an unbalanced force to make it speed up or slow down. The acceleration depends on the mass, so heavy things are stubborn and need more force to move. For every action, there's an equal reaction. The forces are always in pairs and act on two different things, so that’s why things can move instead of just everything staying perfectly still.",good
newtons_laws,"When you have an object, it stays at rest or constant velocity unless an external force acts on it. This is inertia. When you use F=ma, you see that mass makes acceleration harder to achieve. For every action force, there is a reaction force. Because these two forces are applied to different objects, they never cancel each other out.",good
newtons_laws,"My teacher explained that things have inertia. If you want to change the motion of an object, you need a net force. If the object has a lot of mass, it resists the change more, which is why F=ma is important. Also, forces are always in pairs. When object A hits object B, B hits back on A. Since they are pushing on different objects, they don't cancel out.",good
newtons_laws,"Things are lazy—that's inertia. They don't change speed or direction unless you push them. If you push, the acceleration depends on the mass of the item. More mass means you need more force. Then there's the pairs thing. You push something, it pushes you back. They act on different objects, so it doesn't just mean nothing happens.",good
newtons_laws,"Every action has a reaction. This is the third law. But it's not like the forces cancel out because they act on different things. For the first law, inertia is just stuff wanting to keep going or staying still. If you want to change that, you need a net force. The second law is just math: more mass means you need more force for the same acceleration.",good
newtons_laws,"Inertia is why objects stay still or keep moving. A net force is what makes them change speed or direction. If you have a huge mass, you need a bigger force to get any acceleration out of it. Also, forces come in pairs. If I push a table, the table pushes me, but since we are different, the forces don't cancel out.",good
newtons_laws,"First law: objects keep doing what they are doing until a force messes with them. Second law: F=ma. If the mass is high, you need more force to move it. Third law: forces are pairs. Action and reaction. They are on two separate things, so they don't cancel. That is the net force that changes the object's motion.",good
newtons_laws,"If an object is moving or resting, it stays that way unless a net force happens. This is inertia. If you want to move something heavy, you need more force because of its mass. Every action has an equal and opposite reaction, but they act on different objects. So, it is the net force that actually causes the change in movement.",good
newtons_laws,"Things don't change how they move unless an unbalanced force hits them. If something is heavy, it resists the change, so you need more force to accelerate it. That's Newton's second law. Also, every force is paired with an equal and opposite one. They act on different objects, so you don't have to worry about them canceling out.",good
newtons_laws,"Inertia is the tendency of things to stay put or keep moving at the same speed. To change that, you need a net force. The acceleration depends on how much mass the thing has, so you need more force for heavier stuff. Forces always come in pairs—action and reaction—but they act on different objects, so the movement actually happens.",good
newtons_laws,"Basically, objects are stubborn about changing their state of motion; that's inertia. A net force is required to change it. F=ma shows how mass affects acceleration, meaning more mass means you need more force. Forces come in pairs acting on different objects, so they aren't canceling each other out. This is how Newton explained it all.",good
newtons_laws,"Newton's laws are basically about how things move. The first one is inertia, which means if something is sitting still, it won't move unless you push it. The second law is F=ma, so if you want to speed something up, you have to use force. It's pretty straightforward.",partial
newtons_laws,"If you push an object, it moves. Newton said that if there is a net force, the object will change its speed or direction. This is the second law. Also, every action has a reaction force, like when you jump off a boat and it moves back.",partial
newtons_laws,"Inertia is why things keep doing what they're doing until something forces them to stop or go. When you have a really heavy box, you have to push harder to get it moving compared to a light one. That's all I remember about the laws.",partial
newtons_laws,"Basically, Newton figured out that forces come in pairs. Like if I punch a wall, the wall hits my hand back with the same amount of force. It’s also about how mass makes it harder to accelerate stuff. I'm not totally sure about the first law though.",partial
newtons_laws,"The second law is the main one I know. It's Force equals mass times acceleration. So if you increase the force, the acceleration goes up. But if you have more mass, you need more force to move it the same way.",partial
newtons_laws,"I know that an object stays still if nothing touches it. Also, Newton said for every action there is an equal and opposite reaction. I think that covers most of it, right? It explains how forces work in pairs.",partial
newtons_laws,"My physics teacher said that motion only changes if there is a net force on an object. This is because of inertia. Also, if you push something, it pushes back on you just as hard, but since the objects are different, they don't cancel out.",partial
newtons_laws,"When we talk about Newton's laws, we are talking about how things move. Force is equal to mass times acceleration. Also, forces are always in pairs. If I push the table, the table is pushing me too, but I don't feel it move.",partial
newtons_laws,Things keep moving in a straight line if nothing is stopping them. That's inertia. Then there is the second law where you calculate the force using the mass and how fast it speeds up. That is all I know.,partial
newtons_laws,"Newton said that heavy things need more force to accelerate. And he said forces are always pairs, like action and reaction. I think the first law is about something being at rest, but I am not sure how to explain that part.",partial
newtons_laws,"Basically, the motion of a object changes only if there is a unbalanced force. This is because of the mass. If the mass is big, you need big force. I think this is the second law but I don't know the third.",partial
newtons_laws,"Everything is about the net force. If the force is not zero, the object will change its velocity. This is important because mass resists the change. I forget the part about the action and reaction forces though.",partial
newtons_laws,"There is a law about inertia which means objects like to stay in the same state. Then there is the one about F equals ma, so force depends on mass. I know there's another law about reactions but I'm not sure how to word it.",partial
newtons_laws,"Newton's laws explain how stuff moves. For every action, there is an equal and opposite reaction. That is the third law. Also, things don't move unless you push them, which is the first law. The math part is confusing though.",partial
newtons_laws,"If I have a really heavy ball, I need more force to make it go faster because of its mass. This relates to the second law. Also, when the ball hits the floor, the floor pushes back on the ball, which is the reaction law.",partial
newtons_laws,Newton's first law says an object stays at rest or moves in a straight line unless an external unbalanced force acts on it. Second law is F=ma. Third law is for every action there is an equal and opposite reaction.,memorized
newtons_laws,Newton's first law states that a body continues to be in a state of rest or of uniform motion in a straight line unless acted upon by an external unbalanced force. This is basically it.,memorized
newtons_laws,Newton stated three laws. First is about rest or uniform motion. Second law is F = ma. Third law says for every action there is an equal and opposite reaction. I memorized this for the test.,memorized
newtons_laws,"Teacher, for the laws of motion, Newton's first law states that a body continues to be in a state of rest or of uniform motion in a straight line unless acted upon by an external unbalanced force. Second law: the rate of change of momentum of a body is directly proportional to the applied force. Third law: to every action there is an equal and opposite reaction.",memorized
newtons_laws,I know this one! Newton's first law: body continues in rest or uniform motion unless acted upon by external unbalanced force. Newton's second law: rate of change of momentum is directly proportional to applied force. Newton's third law: every action has equal opposite reaction.,memorized
newtons_laws,Newton's third law states that to every action there is an equal and opposite reaction. That is what the textbook says.,memorized
newtons_laws,"Newton's first law states that a body continues to be in a state of rest or of uniform motion in a straight line unless acted upon by an external unbalanced force. Then the second law states that the rate of change of momentum of a body is directly proportional to the applied force and takes place in the direction of the force. Finally, the third law states that to every action there is an equal and opposite reaction. Hope that is right.",memorized
newtons_laws,The laws are: 1. A body continues to be in a state of rest or of uniform motion in a straight line unless acted upon by an external unbalanced force. 2. The rate of change of momentum of a body is directly proportional to the applied force. 3. To every action there is an equal and opposite reaction.,memorized
newtons_laws,First law: body continues to be in state of rest or uniform motion in straight line unless acted upon by external unbalanced force. Second law: rate of change of momentum is directly proportional to applied force. Third: to every action there is an equal and opposite reaction. I read this in the book yesterday.,memorized
newtons_laws,"Newton's laws are: First, a body continues to be in a state of rest or of uniform motion in a straight line unless acted upon by an external unbalanced force. Second, the rate of change of momentum of a body is directly proportional to the applied force. Third, to every action there is an equal and opposite reaction.",memorized
newtons_laws,"Newton's laws are pretty easy. The first one basically says things keep moving if you push them, but if you stop pushing, they just slow down and stop by themselves because they lose energy.",wrong
newtons_laws,"I think the second law is confusing. If you have a really heavy ball and a light one, the heavy one is always gonna fall faster to the ground because it has more weight pulling it down.",wrong
newtons_laws,"Basically, for every action there is a reaction. So if a big truck hits a small car, the truck obviously exerts a much stronger force on the car than the car does on the truck because the truck is bigger.",wrong
newtons_laws,"Inertia is when an object wants to stop. If you slide a book across the table, it stops because the motion runs out, not because of friction. You need a constant force to keep things moving constant speed.",wrong
newtons_laws,"For Newton's second law, f=ma. This means if I want an object to keep moving at a steady pace, I have to keep applying a constant force to it, otherwise it just stops moving right away.",wrong
newtons_laws,"I study physics but I do not understand why the forces do not cancel out. When I push the wall, the wall pushes me back with same force, so it should be zero. But the bigger object always have more force, so it is hard to say it is equal.",wrong
newtons_laws,The laws are simple. First law: objects stop because they get tired of moving. Second law: heavy things accelerate way faster than light things. Third law: bigger objects exert more force when they collide with smaller ones.,wrong
newtons_laws,"An object keeps moving only if you keep pushing it. If you stop the push, the object slows down and eventually stops by itself, even if there is no friction or nothing else acting on it.",wrong
newtons_laws,"If a massive object and a tiny object crash, the massive one has more force. This is because mass makes it push harder. The action-reaction thing is only true if they are the same size.",wrong
newtons_laws,"To make a car go constant speed on highway, you need to keep your foot on the gas because the car wants to stop on its own. This proves that you need constant force to keep velocity constant.",wrong
atoms_molecules,"So basically, atoms are the tiniest pieces of an element you can have. They have a center called a nucleus with protons and neutrons inside, and then there are electrons flying around the outside. If you stick a bunch of atoms together with chemical bonds, that's what we call a molecule.",partial
atoms_molecules,"An atom is the smallest part of an element that still acts like that element. It's made of protons, neutrons, and electrons. Protons are positive, electrons are negative, and neutrons don't have a charge.",partial
atoms_molecules,"Atoms are the building blocks of everything. They have a nucleus in the middle with protons and neutrons, and electrons move around it. When you join atoms together, you get a molecule.",partial
atoms_molecules,"I know atoms have a nucleus with protons and neutrons, and the electrons go around the outside. Protons are positive and electrons are negative, so they balance each other out to keep the atom neutral.",partial
atoms_molecules,Water is a molecule because it has hydrogen and oxygen atoms bonded together. Atoms are really just the smallest part of an element that keeps its properties.,partial
atoms_molecules,"Smallest particle of an element is an atom. It has protons, electrons, and neutrons. Molecule is when two or more atoms join together, like in a compound.",partial
atoms_molecules,Atoms are neutral because they have the same amount of protons and electrons. Protons are positive and neutrons are in the middle. Electrons move in orbits around the center.,partial
atoms_molecules,"An atom is like the base piece of an element. If you have two or more atoms joined by bonds, that makes a molecule. Molecules can be made of different elements like in water.",partial
atoms_molecules,"Protons in the middle, electrons outside. Protons are positive charge, electrons are negative. Molecules are just atoms stuck together with bonds.",partial
atoms_molecules,I think atoms are the smallest bit of an element. They have protons and neutrons in the center and electrons orbiting. That's about all I know.,partial
atoms_molecules,"A molecule happens when atoms connect with chemical bonds. If it's a compound molecule, like water, it has different elements inside it.",partial
atoms_molecules,"Basically, if you have equal protons and electrons, the atom is neutral. Protons are positive, neutrons are neutral, and electrons are negative. They all make up an atom.",partial
atoms_molecules,"Atoms are the smallest thing of an element. If you combine them, you get a molecule. It's like how water has hydrogen and oxygen joined up.",partial
atoms_molecules,"In an atom, the center has protons and neutrons. The electrons move around it. It's neutral because the positive and negative charges cancel out.",partial
atoms_molecules,"If you bond atoms together, you get a molecule. Some molecules are compounds like water, where you have hydrogen and oxygen mixed together.",partial
atoms_molecules,"Okay so, a molecule is the smallest particle of an element or a compound that is capable of independent existence and shows all the properties of that substance.",memorized
atoms_molecules,"Atoms consist of a nucleus containing protons and neutrons, surrounded by electrons revolving in orbits. I think that's it.",memorized
atoms_molecules,"An atom is the smallest particle of an element that can take part in a chemical reaction, and atoms consist of a nucleus containing protons and neutrons, surrounded by electrons revolving in orbits.",memorized
atoms_molecules,The book says a molecule is the smallest particle of an element or a compound that is capable of independent existence and shows all the properties of that substance. That is what I remember.,memorized
atoms_molecules,"I know this one. An atom is the smallest particle of an element that can take part in a chemical reaction. Atoms consist of a nucleus containing protons and neutrons, surrounded by electrons revolving in orbits.",memorized
atoms_molecules,"My teacher say atom is smallest particle of element that can take part in chemical reaction and atoms consist of a nucleus containing protons and neutrons, surrounded by electrons revolving in orbits.",memorized
atoms_molecules,A molecule is the smallest particle of an element or a compound that is capable of independent existence and shows all the properties of that substance.,memorized
atoms_molecules,"Basically, atoms consist of a nucleus containing protons and neutrons, surrounded by electrons revolving in orbits. That is the definition.",memorized
atoms_molecules,"An atom is the smallest particle of an element that can take part in a chemical reaction. Also, a molecule is the smallest particle of an element or a compound that is capable of independent existence and shows all the properties of that substance.",memorized
atoms_molecules,Atoms and molecules are basically the same thing. They are just tiny balls of matter that make up everything around us.,wrong
atoms_molecules,I think an atom is made of a nucleus with protons and electrons just sitting still inside it. It's like a little solar system but nothing really moves.,wrong
atoms_molecules,"My chemistry teacher said an atom is neutral, but that can't be right because protons are positive so they have to have more charge than the electrons. That makes atoms naturally positive.",wrong
atoms_molecules,"A molecule is always a compound because it is formed when you mix different elements together, like how water is oxygen and hydrogen. If it's just one element, it's not a molecule.",wrong
atoms_molecules,Atoms have a nucleus in middle with protons and neutrons. But electrons is stay in nucleus too. They are all stuck together in the center.,wrong
atoms_molecules,"So an atom is just a small particle that has more protons than electrons, so it carries a charge. Molecules are different because they are bigger and neutral.",wrong
atoms_molecules,"I am confused because my book says atoms and molecules are different, but aren't they both just the smallest bits of stuff? They seem like the same word to me.",wrong
atoms_molecules,"When atoms combine, they form a molecule, which is always a compound. Like, pure gold is just atoms, but water is a molecule because it is a compound.",wrong
atoms_molecules,Electrons are neutral charge and they stay in middle of the atom with protons. The nucleus is very crowded with all those parts.,wrong
atoms_molecules,"I'm pretty sure that atoms are just charged particles because they have way more protons than electrons. Also, any time you see a molecule, you know it's a compound made of different elements.",wrong
cell_structure,"Basically, cells are the tiny building blocks that make up everything alive. Inside, there's a nucleus holding the DNA and the cytoplasm which is like a gel where everything else hangs out. The cell membrane is like a gatekeeper. If it's a plant cell, it's got a wall, a big vacuole, and chloroplasts to catch sunlight. Also, mitochondria make all the energy we need.",good
cell_structure,"Cells are super important because they're the units of life. Animal cells have a nucleus and membrane, but plants have extra stuff like a cell wall for support, a big vacuole, and green chloroplasts for food. All cells have cytoplasm and mitochondria to power them. Oh, and eukaryotes have a nucleus while prokaryotes don't have one at all.",good
cell_structure,"The cell is the smallest unit of living things. It has a membrane to let things in and out and cytoplasm where reactions take place. The nucleus manages the cell using DNA. Mitochondria are the power generators. Plants are different because they have a wall, chloroplasts for energy from sun, and a vacuole.",good
cell_structure,"So, a cell is the basic unit for every living organism. Most cells have a nucleus acting as the boss, but bacteria-like ones called prokaryotes don't. The jelly inside is cytoplasm. Mitochondria are the powerhouses that release energy. Plant cells are special because they are rigid thanks to a cell wall, plus they have stuff for photosynthesis and a giant vacuole.",good
cell_structure,"Everything living is built from cells. The membrane controls entry and exit. The nucleus is the control center with DNA. Everything sits in the cytoplasm. Mitochondria produce energy. Plants have a cell wall, chloroplasts, and vacuoles, which animals don't have. Eukaryotes store DNA in a nucleus, while prokaryotes have no nucleus.",good
cell_structure,"I think cells are the basic parts of life. The membrane decides what goes in or out. Inside is the cytoplasm, which is a liquid. The nucleus stores genetic code. Mitochondria give the cell power to work. Plants have a cell wall to stay strong, plus they use chloroplasts for photosynthesis and have a vacuole.",good
cell_structure,"Basically cells make up everything. The nucleus tells everything what to do and holds the DNA. Mitochondria make the energy. The membrane protects the cell. The cytoplasm is the jelly stuff inside. Plant cells are a bit different because they have walls, big vacuoles, and chloroplasts. Also prokaryotes are weird because they don't have a nucleus like eukaryotes do.",good
cell_structure,"Cells are the unit of life. The nucleus controls activities and holds DNA. The membrane acts like a barrier. Cytoplasm is a jelly fluid that fills the cell. Mitochondria generate energy for the cell. Plant cells have a cell wall, chloroplasts for photosynthesis, and a large vacuole. Eukaryotes have a nucleus, but prokaryotes do not.",good
cell_structure,"So like, the cell is the unit for life. The membrane is a wrapper that controls what moves. The nucleus is the brain with DNA inside. The cytoplasm is the jelly where organelles are. Mitochondria are basically power plants. Plants have a rigid wall, chloroplasts, and a vacuole. Eukaryotes keep DNA in a nucleus, unlike prokaryotes.",good
cell_structure,"Every living thing has cells as its basic unit. Animal cells have a nucleus, membrane, and cytoplasm with mitochondria for energy. Plant cells have all that plus a cell wall, a vacuole, and chloroplasts. Prokaryotes don't have a nucleus, but eukaryotes do.",good
cell_structure,"The cell is the foundation of living things. The membrane filters what comes in. The nucleus manages everything with DNA. Cytoplasm is the fluid part. Mitochondria provide energy. Plants are unique with their wall, chloroplasts for photosynthesis, and a central vacuole. Eukaryotes have a proper nucleus, while prokaryotes don't.",good
cell_structure,"Cells are units of all life. The membrane guards the entrance. Inside is cytoplasm and the nucleus, which has DNA. Mitochondria release energy. Plant cells have a wall, a large vacuole, and chloroplasts for energy from the sun. Eukaryotes have a nucleus, unlike prokaryotes.",good
cell_structure,"Every single living thing is made of cells. The membrane controls stuff coming in. The nucleus is the control room with DNA. Mitochondria are the powerhouse. Cytoplasm is just a jelly fluid. Plants are rigid with a cell wall, plus they have chloroplasts and a vacuole. Some cells have a nucleus, but others like prokaryotes don't.",good
cell_structure,"The cell is basically what we are all made of. It has a membrane to guard it. The nucleus has the DNA info. The cytoplasm is the gooey part. Mitochondria are where we get our energy. Plants have a rigid wall, big vacuole, and chloroplasts. Eukaryotes keep DNA in a nucleus while prokaryotes don't.",good
cell_structure,"I've learned that the cell is the unit of life. The nucleus stores DNA and controls the cell. The cytoplasm is the fluid where things react. The membrane controls what enters. Mitochondria give energy. Plants have a wall, chloroplasts, and a vacuole. Prokaryotes differ from eukaryotes because they don't have a nucleus.",good
cell_structure,"Cells are the building blocks for every living thing, like humans and trees. Inside, they have a nucleus that acts like a brain to hold DNA and a membrane that decides what goes in or out. Everything sits in this jelly stuff called cytoplasm, but I'm not really sure about the other parts.",partial
cell_structure,"So basically, the cell is the unit that makes up all life. It has a cell membrane surrounding it to control traffic, and there is a nucleus that holds the DNA. It's pretty straightforward, but that's about all I remember.",partial
cell_structure,I know that plant cells are different from animal ones because they have a rigid wall and chloroplasts for making food. They also have a nucleus to control everything. I don't really get what the other organelles do though.,partial
cell_structure,Mitochondria are definitely the powerhouse of the cell because they give it energy. The cell membrane is also important for protection. I think that's it.,partial
cell_structure,"Cells are the main part of life. Eukaryotic cells have a nucleus for DNA, while prokaryotic ones don't have that at all. The cytoplasm is just where all the cell's reactions happen, kind of like a fluid base.",partial
cell_structure,"My teacher said the nucleus is the control center. Inside the cell, there is stuff called cytoplasm that holds everything. Also, plants have a wall and a big vacuole that animals don't have.",partial
cell_structure,"Cells are like the tiny bricks that build up living things. Each cell is covered by a membrane that checks what goes in and out. Inside, the nucleus holds the DNA, but I am not sure about energy or the difference between plants and animals.",partial
cell_structure,The powerhouse is the mitochondria. It makes energy for the cell to use. Plants also have a cell wall to stay strong and chloroplasts to do photosynthesis. I think that covers most of it.,partial
cell_structure,"Everything living is made of cells. Eukaryotic cells have a nucleus and prokaryotic cells do not. That is the main way to tell them apart, right?",partial
cell_structure,"The cytoplasm is this jelly fluid where organelles stay and things react. The cell membrane is the outside part that controls what enters. I know the nucleus holds the DNA, but I'm blanking on the rest.",partial
cell_structure,Plant cells have a cell wall and a huge vacuole. They use chloroplasts for photosynthesis. All living things are built from cells. That is what I know.,partial
cell_structure,"A cell membrane keeps the cell together. Inside, the nucleus controls everything and stores the DNA. I remember hearing about mitochondria making energy too, but that's all I've got.",partial
cell_structure,"Basically, prokaryotic cells don't have a nucleus, but eukaryotic ones do. That is the main structural difference. All living things are made of these units.",partial
cell_structure,The cytoplasm is like a jelly where all the reactions go on. Mitochondria are the powerhouse where energy gets released. I am pretty sure that is how it works.,partial
cell_structure,Cells make up everything alive. Plants have a rigid wall and chloroplasts. The nucleus is the control center. I am not sure what the other parts like the vacuole or membrane really do.,partial
cell_structure,"The cell is the basic structural and functional unit of life, and all living organisms are composed of cells. Also, the nucleus is the control centre of the cell and contains the genetic material. That is what I know.",memorized
cell_structure,"Plant cells differ from animal cells in having a cell wall, chloroplasts and a large central vacuole. This is the definition given in the book.",memorized
cell_structure,A cell is the basic structural and functional unit of all living things. The nucleus is the control centre of the cell and contains the genetic material. The mitochondria is the powerhouse of the cell.,memorized
cell_structure,"The cell is the basic structural and functional unit of life, and all living organisms are composed of cells. That is the correct answer, right?",memorized
cell_structure,"Eukaryotic cells keep their DNA inside a nucleus while prokaryotic cells have no true nucleus. Plant cells also have a cell wall, chloroplasts, and a large central vacuole. This is what the textbook says for the test.",memorized
cell_structure,All living organisms are composed of cells because the cell is the basic structural and functional unit of life. The nucleus is the control centre of the cell and contains the genetic material.,memorized
cell_structure,"I study that the cell is the basic structural and functional unit of life. The nucleus is the control centre of the cell and contains the genetic material. Plant cells differ from animal cells in having a cell wall, chloroplasts and a large central vacuole.",memorized
cell_structure,The cell membrane surrounds the cell and controls what materials move in and out. The nucleus contains the DNA and controls the cell's activities. The mitochondria release energy through respiration and are called the powerhouse of the cell.,memorized
cell_structure,"The cell is the basic structural and functional unit of life, and all living organisms are composed of cells. I memorized this part well.",memorized
cell_structure,"Plant cells differ from animal cells in having a cell wall, chloroplasts and a large central vacuole. Also the cell is the basic structural and functional unit of life.",memorized
cell_structure,The cell is basically just a blob of jelly called cytoplasm where everything floats around. It's empty inside so there's really nothing happening until you add energy.,wrong
cell_structure,"Plants aren't actually made of cells like animals are, they are just solid structures that grow from the ground. Only animals and humans are made of living cell units.",wrong
cell_structure,All cells have a nucleus in the middle that acts like a brain. My teacher said it's the control center for every single thing that exists in nature.,wrong
cell_structure,"The cell membrane is the thick outside layer of a plant cell that makes it stand up straight. It's the same thing as the cell wall, just a different name.",wrong
cell_structure,In biology we learned that cells are just little bubbles. The cytoplasm is just empty air or nothingness inside the membrane.,wrong
cell_structure,All living things have a nucleus to hold their DNA. Prokaryotic cells are just the same as eukaryotic ones because they all need that center part to function.,wrong
cell_structure,"I think plant cells don't really have organelles because they are just rigid. The cell wall is basically just the skin or membrane of the plant, like how humans have skin.",wrong
cell_structure,"Cells are the unit of life, but only animals have them. Plants are just made of fibers and wood so they don't have membranes or anything like that.",wrong
cell_structure,"The nucleus is the power station of the cell where energy comes from. Also, every cell ever discovered has a nucleus inside it, otherwise it wouldn't be a cell.",wrong
cell_structure,"The cell wall and the cell membrane are the same. It is the outer part that keeps the cell safe from getting hurt, but since plants are hard, they don't need a membrane, just the wall.",wrong
newtons_laws,"Basically, stuff just keeps doing what it's already doing unless something pushes or pulls on it. If you want to move something heavy, you gotta use way more force than you would for something light, which is why F=ma is the main way to figure out acceleration. Also, forces always come in sets, but they act on different things, so they don't just erase each other out.",good
newtons_laws,"An object stays still or keeps moving until a net force makes it change. The second law is basically saying that mass is like resistance, so if you have more mass, you need more force to speed it up. And for the third law, if I push a wall, the wall pushes back on me just as hard, even if it doesn't move.",good
newtons_laws,"Objects have inertia, meaning they won't change speed or direction unless an unbalanced force hits them. If you apply a force to an object, its mass determines how fast it accelerates. If the mass is bigger, it needs more force to get moving. Also, forces are always in pairs, but since they hit different objects, they don't cancel out.",good
newtons_laws,"First law: things stay moving or still until a force changes them. Second law: how much it speeds up depends on the force and how heavy it is. Third law: for every action force, there's a reaction that's the same size but opposite direction. Just remember, these reaction forces act on different items, so that is why things still move.",good
newtons_laws,"Things are lazy and want to keep going in a straight line or stay put, which is inertia. To get them moving faster, you use force, and more mass means you need more force to get the same acceleration. Forces come in pairs, like when you kick a ball, the ball kicks your foot back too. They are acting on different objects, so they don't just disappear.",good
newtons_laws,"Newton's laws are about how stuff moves. First, inertia means objects don't change unless a net force happens. Second, force equals mass times acceleration, so heavy stuff is harder to move. Third, every action has a reaction. They act on two different things so the forces don't cancel, which is how we get motion.",good
newtons_laws,"If an object is sitting there or moving, it's gonna stay like that unless some net force messes with it. The acceleration depends on how much mass is there and how hard you push. A bigger object resists motion more. Forces always come in pairs and go in opposite directions, but since they hit different things, they don't cancel out.",good
newtons_laws,"The laws are basically: objects keep doing their thing until pushed. Force is mass times acceleration, so you need more force to move bigger things. Forces come in pairs. The action and reaction forces are on different objects, so that's why they don't just cancel out.",good
newtons_laws,"An object only changes its motion if there is an unbalanced force acting on it. If you want to accelerate something, you need to consider the force and the mass. A heavy object resists changing speed more than a light one. When you push something, it pushes back with the same force in the opposite direction. Since these act on different objects, they don't cancel each other out.",good
newtons_laws,"Stuff keeps on going in a straight line or stays still until a force acts on it. This inertia means we need more force for bigger objects to make them speed up. Forces are always in pairs. When object A pushes object B, object B pushes back on A. They are acting on different objects, so that's why they don't cancel out.",good
newtons_laws,"First law says things keep moving unless a net force stops them. Second law shows that the more mass something has, the more force you need to accelerate it. Third law is about pairs, like how a rocket pushes gas and gas pushes back. These don't cancel out because they act on different things.",good
newtons_laws,"If you have no net force, an object keeps its velocity. To speed it up, you need a force, and the acceleration depends on the object's mass. More mass means it's harder to change the movement. Every force has a partner that is equal but opposite, but they never cancel because they are applied to different objects.",good
newtons_laws,"Everything has inertia, which is the tendency to stay as is. To change that, you need a net force. The amount of acceleration depends on the force and the object's mass. Because these are two different objects interacting, the action-reaction forces are distinct and don't cancel.",good
newtons_laws,"An object will stay at rest or move constantly until an unbalanced force pushes it. To change its speed, we look at the force and the mass, because mass makes it harder to accelerate. Whenever there is an action, there is an equal reaction, but they act on different objects, so they don't cancel each other out.",good
newtons_laws,"Basically, objects are stubborn and won't change motion unless a net force acts on them. The force needed to move something depends on how heavy it is, which is mass. Forces come in pairs, but because they happen on two separate objects, they can't cancel each other out.",good
newtons_laws,"Newton's laws are about how things move. The first one says stuff stays put unless you push it. The second one is F=ma, meaning force is mass times how fast it speeds up. The third one is that for every action there is an equal and opposite reaction. That is basically all of it.",partial
newtons_laws,"If you want to move something heavy, you need more force than if it's light. That's Newton's second law. Also, every time you push something, it pushes back with the same amount of force. This happens with everything.",partial
newtons_laws,"Things like to keep doing what they are doing. If it's sitting there, it stays there, and if it's moving, it keeps moving unless something stops it. That's the first law. Then you have F=ma which shows how force and mass and acceleration work together.",partial
newtons_laws,"Objects have inertia, which means they resist changes to their motion. Like, if you kick a ball, it accelerates based on how much force you use and how heavy the ball is. It's cool how math explains physics.",partial
newtons_laws,"Basically, if you push a wall, the wall pushes back. That's why it's hard to push heavy things. Also, an object won't move until a force hits it. It's all about balanced and unbalanced forces changing the motion.",partial
newtons_laws,"The second law is F=ma. It shows that force and acceleration go together. Then the third law says for every action there is a reaction. So if I hit a table, the table hits my hand with the same power.",partial
newtons_laws,"I think Newton's laws explain why cars move and stuff. If a car is going, it keeps going until you use the brakes. The brakes are the force that makes it stop. Everything needs a force to change its state.",partial
newtons_laws,"So, if I have a heavy box, I need a big force to move it. If I have a light box, I don't need much force. This relates to mass and how hard it is to change the speed. Newton made these rules a long time ago.",partial
newtons_laws,"When two things touch, they exert forces on each other that are equal. Even if the things are different sizes, the reaction is the same. I know this is the third law.",partial
newtons_laws,"Everything stays in its state until an external force changes it. Like a ball on the grass just sits there. You have to kick it to make it move. The harder you kick, the faster it goes depending on the mass.",partial
newtons_laws,"The first rule says objects keep moving unless a force stops them. This is called inertia. The third rule is just that actions have reactions. I don't really get how F=ma fits in, but the first and third seem right.",partial
newtons_laws,"Mass is basically how much stuff is in an object, and it makes it harder to move things. You need more force to move bigger objects because they have more inertia. That is the main part of the laws.",partial
newtons_laws,"In my opinion, Newton's laws are simple. If you apply a force to an object, it moves. If there is no force, it does not change its motion. Also, every force comes with a counter force, so they are always in pairs.",partial
newtons_laws,"For every action force, there is a reaction force. They are the same size but go in opposite directions. This is the third law. Also, inertia means objects want to stay doing what they are currently doing.",partial
newtons_laws,"I learned that an object's acceleration depends on the net force. If you apply force to a mass, it will speed up. That is F=ma. Also, forces always happen in pairs, so you can't just have one force by itself.",partial
newtons_laws,"Newton's first law says an object stays at rest or moves in a straight line unless an external unbalanced force acts on it. Then F=ma for the second law. And for the third, to every action there is an equal and opposite reaction.",memorized
newtons_laws,I memorized that Newton's first law is a body continues to be in a state of rest or of uniform motion in a straight line unless acted upon by an external unbalanced force. The second law is force equals mass times acceleration. The third is for every action there is an equal and opposite reaction.,memorized
newtons_laws,My teacher made us learn these. Newton's first law states that a body continues to be in a state of rest or of uniform motion in a straight line unless acted upon by an external unbalanced force. Newton's second law states that the rate of change of momentum of a body is directly proportional to the applied force. Newton's third law states that to every action there is an equal and opposite reaction.,memorized
newtons_laws,First law: a body continues in rest or uniform motion unless an external unbalanced force acts on it. Second law: the rate of change of momentum is proportional to the applied force. Third law: to every action there is an equal and opposite reaction. That is what the book says.,memorized
newtons_laws,Newton's first law state that a body continue to be in a state of rest or of uniform motion in a straight line unless acted upon by an external unbalanced force. The second is that the rate of change of momentum is directly proportional to the applied force. And the third is to every action there is an equal and opposite reaction. I learn this for the test.,memorized
newtons_laws,"The first law is that a body continues to be in a state of rest or of uniform motion in a straight line unless acted upon by an external unbalanced force. F=ma is the second law because the rate of change of momentum of a body is directly proportional to the applied force. Finally, Newton's third law states that to every action there is an equal and opposite reaction.",memorized
newtons_laws,"According to the textbook, Newton's first law states that a body continues to be in a state of rest or of uniform motion in a straight line unless acted upon by an external unbalanced force. Newton's second law states that the rate of change of momentum of a body is directly proportional to the applied force. Newton's third law states that to every action there is an equal and opposite reaction. Pretty sure that covers it.",memorized
newtons_laws,"Okay, so Newton's first law is a body continues to be in a state of rest or of uniform motion in a straight line unless acted upon by an external unbalanced force. The second law is about the rate of change of momentum being proportional to the applied force. And for the third law, to every action there is an equal and opposite reaction.",memorized
newtons_laws,"For the homework, the first law is a body continues to be in a state of rest or of uniform motion in a straight line unless acted upon by an external unbalanced force. Second law states that the rate of change of momentum is directly proportional to the applied force. The third law states that to every action there is an equal and opposite reaction.",memorized
newtons_laws,"First law states that a body continues to be in a state of rest or of uniform motion in a straight line unless acted upon by an external unbalanced force, and second law states that the rate of change of momentum of a body is directly proportional to the applied force, and third law states that to every action there is an equal and opposite reaction.",memorized
newtons_laws,"Newton's laws are pretty basic. The first one says an object in motion will eventually stop because it gets tired, and the second one is just F=ma, but if you have a huge truck and a tiny car, the truck is definitely going to hit harder because it has more mass.",wrong
newtons_laws,"I think I get it. The third law is like when you kick a ball, you exert force on it, but it also exerts force on your foot. But clearly the ball goes further because the foot is bigger so it can push more.",wrong
newtons_laws,"According to my understanding, an object will only keep moving if you keep pushing it. Like a toy car on the floor, if you stop pushing it, the force is gone so it stops. That's just common sense.",wrong
newtons_laws,"Newton said that objects want to stay still. If something is moving, you need to keep applying a constant force to it to keep it going at the same speed. If you take the force away, it just settles back into resting.",wrong
newtons_laws,"In physics, heavier things definitely fall faster. Gravity pulls more on a brick than a feather so the brick is hitting the ground first. Newton's laws confirm that big objects have more force so they accelerate more.",wrong
newtons_laws,"If I push a wall, the wall pushes back. But the wall is way bigger than me so it hits me back with way more force. This is why the wall doesn't move and I do.",wrong
newtons_laws,"The first law is simple: things stop moving unless you keep a constant force on them. Everyone knows this, if you slide a book on a table it stops eventually because it naturally wants to be at rest.",wrong
newtons_laws,"Newton say that if you have two object pushing each other, the stronger one always push harder. Is like if I push my friend, I am more heavy so I force him more, that is F=ma principle for sure.",wrong
newtons_laws,"Gravity is weird. Big things fall faster because they have more mass and mass makes it go down faster. The second law says F=ma so more mass means more acceleration, duh.",wrong
newtons_laws,"Why would an object keep moving if nothing touches it? That makes no sense. An object needs a force to keep moving at a constant speed, otherwise it just stops. That is what Newton meant by inertia.",wrong
photosynthesis,"Basically, plants make their own energy by grabbing sunlight with the green stuff called chlorophyll inside their leaves. They pull water up through their roots and soak in carbon dioxide from the air through little holes called stomata. Inside the chloroplasts, all this turns into glucose for the plant to eat, and they dump out oxygen as a leftover.",good
photosynthesis,"Photosynthesis is how plants survive. They use sunlight energy captured by chlorophyll to mix water from the ground and CO2 from the air. This happens in the chloroplasts and makes sugar for the plant, while releasing oxygen back into the air.",good
photosynthesis,Plants are like solar panels. They take energy from the sun using chlorophyll and turn water and carbon dioxide into glucose food. This happens inside the leaves in the chloroplasts. Then they let oxygen go out.,good
photosynthesis,"The plant takes water from roots and carbon dioxide from the air. Inside the leaves, in the chloroplasts, the sunlight gives energy to turn these things into sugar. This sugar is the food for the plant and oxygen comes out too. Chlorophyll helps catch the light.",good
photosynthesis,"Okay so, plants use their roots to get water and stomata to breathe in CO2. Inside the leaf cells, there are these things called chloroplasts with chlorophyll. They catch sunlight to turn the water and gas into glucose. It's like how they make food, and then they release oxygen.",good
photosynthesis,"To make food, plants use light energy. Chlorophyll in the leaves grabs the light. Then, water from roots and carbon dioxide from air are changed into glucose inside the chloroplasts. Oxygen is produced as a byproduct.",good
photosynthesis,"Inside the leaf, specifically the chloroplasts, light energy is grabbed by chlorophyll. The plant uses this to mix water taken up by roots and carbon dioxide from the air. This makes glucose for energy and releases oxygen. It's pretty cool how they do this without eating like us.",good
photosynthesis,"Plants don't eat soil! They make their own food by taking in water through roots and CO2 through stomata. With the help of chlorophyll catching sun rays, the chloroplasts change these into glucose, which is stored energy. Oxygen is the waste product that gets released.",good
photosynthesis,"So, the plant needs sunlight energy to make food. It uses chlorophyll to catch the light. It takes water from the roots and carbon dioxide from the air through stomata. This turns into sugar, or glucose, inside the chloroplasts. Also oxygen comes out.",good
photosynthesis,Photosynthesis is the process for plants to create energy. Light from the sun is absorbed by chlorophyll. Water and carbon dioxide are converted into glucose in the chloroplasts. Oxygen is released. This happens in the leaves.,good
photosynthesis,"When a plant needs food, it uses light to power a reaction in its chloroplasts. Chlorophyll traps the sun's energy, which is used to turn water (from the roots) and carbon dioxide (from the air through stomata) into glucose. Then the plant releases oxygen.",good
photosynthesis,"Plants take in sunlight, water, and carbon dioxide. The chlorophyll in the leaves is the key to catching the light. Inside the chloroplasts, the reaction makes sugar for the plant to use for energy. Then it lets out oxygen.",good
photosynthesis,"Basically, photosynthesis is how plants make glucose using energy from the sun. The chlorophyll traps the sunlight. Water from the ground and carbon dioxide from the air get turned into food inside the leaf cells' chloroplasts. The plant releases oxygen when it's done.",good
photosynthesis,"The leaves have chloroplasts where all the magic happens. The chlorophyll there catches sunlight, and the plant uses that to change water and CO2 into sugar. It's how they get their food. Oxygen is released as a byproduct too.",good
photosynthesis,"Plants get water from the ground and CO2 from the air through their stomata. Then, inside the chloroplasts, chlorophyll catches the light from the sun. This gives enough energy to turn those materials into glucose, which is the plant's food, and it also releases oxygen.",good
photosynthesis,Plants use sunlight to turn water and carbon dioxide into sugar for themselves. This all happens inside the leaves where they have special parts called chloroplasts. It's cool because they also let out oxygen for us to breathe.,partial
photosynthesis,"Photosynthesis is how plants make food using light energy. They take in water from the ground and carbon dioxide from the air. Then they change it into glucose, which is like sugar.",partial
photosynthesis,"Basically, the green pigment chlorophyll grabs sunlight. The plant uses that energy to change stuff like carbon dioxide and water into food. It happens in the leaves, but I'm not totally sure about the whole oxygen part.",partial
photosynthesis,"Plants are super smart because they take water from the roots and carbon dioxide from the air and make glucose. They use sunlight to power the whole thing. I think it happens in the chloroplasts, but I forgot what the byproduct is called.",partial
photosynthesis,"So, the sun gives energy to the plant. This energy helps the plant mix carbon dioxide and water to make food. The green stuff in the leaf helps catch the light, and then the plant makes sugar.",partial
photosynthesis,"To do photosynthesis, a plant needs light energy, water, and CO2. The leaves have chloroplasts where the food is made. The plant makes glucose to store energy, and oxygen is put back into the air.",partial
photosynthesis,Plants use chlorophyll to take light from the sun. They use this to convert water and carbon dioxide into chemical energy. I know they make sugar but I don't really know where the process is located exactly.,partial
photosynthesis,Photosynthesis is the way plants make their own nutrients. They absorb light energy with chlorophyll and use it to transform carbon dioxide and water into glucose. I am pretty sure they also release oxygen too.,partial
photosynthesis,"I think plants make their food using sunlight, water, and CO2. The water comes up from the roots, and they get air through little holes in the leaves. They turn it into sugar for energy.",partial
photosynthesis,Chlorophyll captures the light which starts the reaction. The plant takes CO2 from the air and water from the soil to make sugar. It is a way for plants to store energy for later.,partial
photosynthesis,"When plants make food, they need sunlight as the energy source. They combine water and carbon dioxide inside the leaves to create glucose. I know it's important because they release oxygen into the atmosphere.",partial
photosynthesis,"The plant takes in water and carbon dioxide to make food. Using sunlight, it turns these into glucose. It happens inside the leaves, which is why they are green.",partial
photosynthesis,"Plants use light to change carbon dioxide and water into sugar. They do this in the chloroplasts. I am not sure exactly how the gas gets in, but I know it's a gas exchange process.",partial
photosynthesis,"Photosynthesis is just how plants make their own fuel. They need sunlight, water, and carbon dioxide. The sugar they make is called glucose and it stores the energy they need to grow.",partial
photosynthesis,Sunlight hits the leaf and the chlorophyll absorbs it. Then the plant uses water and carbon dioxide to create energy in the form of glucose. This makes the plant food.,partial
photosynthesis,Photosynthesis is the process by which green plants and some other organisms use sunlight to synthesise food from carbon dioxide and water.,memorized
photosynthesis,"In the presence of chlorophyll and sunlight, carbon dioxide and water are converted into glucose and oxygen. That is what the textbook says.",memorized
photosynthesis,Photosynthesis is a physiological process in which light energy is converted into chemical energy stored in glucose. This occurs in the chloroplasts.,memorized
photosynthesis,The definition of photosynthesis is that green plants use sunlight to make food from carbon dioxide and water. I think this is right.,memorized
photosynthesis,Plants take carbon dioxide and water and use light and chlorophyll to make glucose and oxygen. It is a chemical energy conversion.,memorized
photosynthesis,"Teacher, photosynthesis is the way that green plants synthesize food from water and carbon dioxide by using the sunlight. This is the definition in the book.",memorized
photosynthesis,Photosynthesis is a process where light energy is changed into chemical energy in glucose. It happens with chlorophyll.,memorized
photosynthesis,Green plants use sunlight for synthesize food from CO2 and water. This is called photosynthesis.,memorized
photosynthesis,"Photosynthesis is when plants use sunlight, chlorophyll, carbon dioxide and water to make glucose and oxygen. It converts light energy to chemical energy.",memorized
photosynthesis,"Basically, photosynthesis is the process where green plants and some other organisms use sunlight to synthesize food from carbon dioxide and water. That is the exact definition.",memorized
reflection_light,"Reflection is just what happens when light hits an object and bounces away rather than going through it. You can draw a straight imaginary line called the normal to measure the angles. The angle where the light comes in has to match the angle it leaves at, both relative to that normal line. Also, everything happens on the same flat plane.",good
reflection_light,"When light hits a mirror, it bounces off in a way that creates an image, which is called specular reflection because the surface is smooth. If the surface is rough, the light gets scattered in different directions, known as diffuse reflection. Either way, the incident ray, the reflected ray, and the normal line always stay on one plane, and the incoming angle is equal to the outgoing angle measured from that normal.",good
reflection_light,Light bounces back into the same medium when it hits a surface. We measure the angle of incidence and the angle of reflection from an imaginary perpendicular line called the normal. These angles are always the same. It is cool because the ray hitting the surface and the one bouncing off and the normal are all on the same plane.,good
reflection_light,"So, reflection happens when light doesn't pass through something. The normal is this perpendicular line at the point of contact. The angle of incoming light equals the angle of outgoing light if you measure from that normal line. It is always on a single plane. If the surface is bumpy, you get diffuse reflection instead of a clear image.",good
reflection_light,"When I look in the mirror, that is reflection. It happens because the mirror is smooth. The light hits at an angle and bounces off at the exact same angle measured from the normal, which is just a line at 90 degrees to the surface. Everything stays in the same plane. Rough surfaces do this too but they scatter the light everywhere.",good
reflection_light,"Light reflection is basically when light changes direction after hitting a surface. You need a normal line to calculate the angles, and the incident angle will be equal to the reflected one. This rule applies to all surfaces. The incoming ray, reflected ray, and normal are all coplanar.",good
reflection_light,"Reflection is the bouncing of light. If the surface is flat like a mirror, we see images, but rough surfaces just scatter the light. We measure the incoming and outgoing light from the normal line. The angles have to be equal. Everything stays on the same plane.",good
reflection_light,"Light hits a surface and bounces back. We use a normal line perpendicular to the surface to check the angles. The incident angle and reflected angle are the same. All rays and the normal are in one plane. Smooth surfaces give a clear image, but rough ones reflect light in many ways.",good
reflection_light,"Think of reflection like a ball hitting a wall. Light hits a surface and bounces off. If the surface is smooth, you get a reflection like a mirror. If it is rough, it is diffuse. We measure the angle from an imaginary normal line and the angle in is the same as the angle out. All these things exist in the same plane.",good
reflection_light,"When light meets a material and does not go through, it is reflected. We draw a normal line at the spot where it hits. The angle where it hits and the angle it goes away are equal if you measure from the normal. It is all on one plane. Smooth things reflect clearly, but bumpy things scatter light.",good
reflection_light,"Reflection is when light comes back into the medium it started in. You have an incident ray and a reflected ray. Between them is a normal line, which is perpendicular. The angle from the incident ray to the normal is the same as the angle from the reflected ray to the normal. It all happens on one plane. Smooth surfaces work best for clear images.",good
reflection_light,"Is the light bouncing back? That is reflection. You need an incident ray and a reflected ray. A normal line goes in the middle at a 90 degree angle to the surface. The incoming angle equals the outgoing angle. Everything stays on one plane. If the surface is rough, the light goes everywhere.",good
reflection_light,"Light reflects off everything, not just mirrors. When it hits a surface, it bounces. If it is a flat surface, the light bounces in a regular way so we see an image. If it is rough, it bounces in many directions. We measure the angles from the normal line and they are always equal.",good
reflection_light,"Basically, light is hitting a surface and bouncing off instead of entering. We use a normal perpendicular line to measure the angles. The angle of incidence equals the angle of reflection. All these components are in the same plane. It depends on the surface finish whether it is a clear image or scattered light.",good
reflection_light,Light does not always pass through things. Sometimes it bounces. The normal is an imaginary line perpendicular to the surface. The light ray that comes in makes the same angle with the normal as the ray that goes out. They all lie on the same plane. This is why we see images on smooth surfaces.,good
reflection_light,"Reflection of light is the phenomenon of bouncing back of light into the same medium after striking a surface. The angle of incidence is equal to the angle of reflection, and the incident ray, the reflected ray and the normal to the surface all lie in the same plane.",memorized
reflection_light,"A ray of light striking a surface is called the incident ray and the ray that bounces back is called the reflected ray. The angle of incidence equals the angle of reflection, both measured from the normal. This is the definition of light reflection.",memorized
reflection_light,"When light hits a surface, it bounces back into the same medium, which we call reflection. The textbook says the incident ray, the reflected ray, and the normal to the surface all lie in the same plane. Also, the angle of incidence is equal to the angle of reflection.",memorized
reflection_light,"The incident ray is the one striking the surface and the reflected ray is the one bouncing back. The angle of incidence equals the angle of reflection. They are both measured from the normal, which is an imaginary line. All these rays and the normal lie in the same plane.",memorized
reflection_light,"Light reflection is phenomenon of bouncing back of light into same medium after striking surface. The angle of incidence is equal to the angle of reflection. Incident ray, reflected ray and normal to surface all lie in same plane. This is all.",memorized
reflection_light,"The angle of incidence is equal to the angle of reflection, and the incident ray, the reflected ray and the normal to the surface all lie in the same plane. That is how light works when it hits a mirror.",memorized
reflection_light,Reflection of light is the phenomenon of bouncing back of light into the same medium after striking a surface. A ray of light striking a surface is called the incident ray and the ray that bounces back is called the reflected ray. I memorized it all.,memorized
reflection_light,"According to my book, reflection of light is the phenomenon of bouncing back of light into the same medium after striking a surface. The angle of incidence is equal to the angle of reflection, and the incident ray, the reflected ray and the normal to the surface all lie in the same plane.",memorized
reflection_light,"Ray of light striking a surface is incident ray and ray that bounces back is reflected ray. Angle of incidence equals angle of reflection. Both measured from normal. Also incident ray, reflected ray and normal lie in same plane.",memorized
reflection_light,"The angle of incidence is equal to the angle of reflection, and the incident ray, the reflected ray and the normal to the surface all lie in the same plane. Reflection of light is the phenomenon of bouncing back of light into the same medium after striking a surface.",memorized
reflection_light,"Reflection is just when light hits a mirror so we can see our face. If it hits a wall, the light just disappears because it gets soaked up by the paint.",wrong
reflection_light,"The angle of incidence is the gap between the light beam and the actual surface. If that angle is 30 degrees, then the reflection angle is also 30 degrees.",wrong
reflection_light,"Light only reflects off shiny things like mirrors or silver. If you shine a flashlight on a rough surface like a rug, the light is destroyed and doesn't bounce back at all.",wrong
reflection_light,"I think reflection is when light goes into a new surface and stops. Only glass mirrors can bounce the light back to your eyes, which is why we don't see images in wooden tables.",wrong
reflection_light,"When light hit a surface, it bounce back. But the angle is measured from the flat surface, not the imaginary normal line. So if it hits at 40 degrees from the table, it reflect at 40 degrees too.",wrong
reflection_light,"Reflection is cool because mirrors catch the light and send it to your eyes. Walls are rough so they don't reflect anything, they just hold onto the light.",wrong
reflection_light,"The incident ray is the one going in and the reflected ray is the one coming out, but they don't need to be in the same plane or anything. Also, you can only get reflection from super smooth surfaces like metal or glass.",wrong
reflection_light,"If light hits a rough surface, it doesn't reflect because the surface is not flat. It just gets absorbed into the material and vanishes.",wrong
reflection_light,"Basically, the angle of incidence is how far the light is from the floor. Since the floor is flat, the angle of reflection must be the same thing relative to the floor. This is only for mirrors though.",wrong
reflection_light,"Light is reflected when it hits a shiny object, but it is totally gone when it hits something like a book or a shirt. Those things don't have the properties to reflect light.",wrong
respiration,"Basically, cells need energy to keep running, so they take glucose from our food and break it down. When oxygen is around, they can really get the most out of it, turning that sugar into ATP which is like the battery power for everything cells do. This all goes down in the mitochondria. The leftovers are just water and CO2. If there isn't enough oxygen, the cell tries to manage with anaerobic respiration, but it doesn't give nearly as much energy and leaves behind stuff like lactic acid.",good
respiration,"Cellular respiration is how living things get the power to do daily tasks. We use glucose as fuel and burn it using oxygen inside the mitochondria. This makes ATP, which is the main energy currency for the cell. If oxygen is missing, the process is way less efficient and makes alcohol or acid instead. The waste we breathe out, like carbon dioxide, is just a byproduct of this.",good
respiration,"When we eat food, our bodies process it to get glucose. Cells use this glucose to create energy by using oxygen. Most of this is happening inside the mitochondria. The energy is stored as ATP so the cell can use it for stuff. If there is no oxygen, the cell does anaerobic respiration, which is not as good and makes acid or alcohol.",good
respiration,"I think respiration is the way cells generate energy from the food we consume. The glucose is broken down with oxygen in the mitochondria to produce ATP. The waste products are carbon dioxide and water. Sometimes if there is not enough oxygen, the body does anaerobic respiration, but it is not as efficient and produces lactic acid instead.",good
respiration,"So respiration is basically breaking down sugar, specifically glucose, to release energy. The cell stores this in ATP molecules so it can perform work. It usually happens in the mitochondria using oxygen. If oxygen is low, it makes lactic acid or alcohol instead and releases much less energy.",good
respiration,"My understanding is that respiration happens in the mitochondria of the cell. It uses oxygen to break down glucose and creates ATP for energy. It releases carbon dioxide and water as waste. Sometimes if oxygen is not there, the cell makes less energy and creates lactic acid.",good
respiration,"The cell gets energy by breaking down glucose from our food. In the mitochondria, oxygen is used to finish this process, making ATP for the cell. Carbon dioxide and water are thrown out as waste. If oxygen is not available, the cell switches to anaerobic, making less energy and some acid or alcohol.",good
respiration,"Respiration is the process where the cell makes energy to function. It uses glucose as the main fuel source. Oxygen helps break it down completely in the mitochondria, creating ATP and releasing waste like CO2 and water. Without enough oxygen, the cell makes less energy and produces lactic acid instead.",good
respiration,"The mitochondria act like a factory where glucose is converted into energy. The cell uses oxygen to break it down and captures the energy in ATP molecules. This helps the cell do its work. If oxygen is not present, it does anaerobic respiration which is less effective and creates waste like alcohol or acid.",good
respiration,"To keep working, cells take glucose and break it down. With oxygen, they produce ATP, which is the energy the cell uses. This happens inside the mitochondria. When oxygen is low, they still get energy, but it is way less and they create lactic acid or alcohol instead of just water and CO2.",good
respiration,"Respiration is using glucose for energy. Most of this takes place in the mitochondria of cells. Using oxygen is the best way to get energy, and it makes ATP and releases carbon dioxide and water. If oxygen is missing, it creates lactic acid, but this way is not as powerful.",good
respiration,"Cells need fuel, and that fuel is glucose. To get the energy out, they use oxygen in the mitochondria. This creates ATP, which is like the energy molecule for everything. CO2 and water are waste. If they run out of oxygen, they have to do it differently, which produces much less energy and stuff like alcohol.",good
respiration,"The process of respiration is about turning food into energy. Glucose is broken down with the help of oxygen inside the mitochondria. This releases energy stored in ATP for the cell. If oxygen is not available, respiration produces much less energy and creates lactic acid or alcohol.",good
respiration,"Glucose is the fuel for our cells. They break it down in the mitochondria to get energy stored in ATP. This needs oxygen to work properly. Carbon dioxide and water are produced as waste. Without oxygen, it is much less efficient and produces lactic acid or alcohol.",good
respiration,"Respiration is how cells get energy from glucose. It mostly happens in the mitochondria. When oxygen is present, it is very efficient at making ATP for the cell and releases carbon dioxide and water. If there is no oxygen, it makes much less energy and produces lactic acid or alcohol.",good
respiration,"Cellular respiration is how our cells get energy to function. They take glucose and break it down to make ATP, which is basically the fuel for all our body processes. Most of this happens inside the mitochondria.",partial
respiration,"To get energy, cells use glucose. They break it down in the mitochondria using oxygen. This makes ATP so the cell has energy to do its work.",partial
respiration,Breathing and respiration are different. Cells use oxygen to turn glucose into ATP. This happens in the mitochondria. It releases carbon dioxide and water as waste.,partial
respiration,"The mitochondria are the powerhouse because they make ATP from glucose. Without oxygen, respiration is not as efficient and makes lactic acid instead. This is how cells get the energy they need.",partial
respiration,Glucose is the main fuel for cells. They break it down in the mitochondria to get energy. This process is important because we need energy to move and grow.,partial
respiration,My teacher said that respiration is not breathing. It is actually a process that happens in the mitochondria where food is turned into energy stored as ATP.,partial
respiration,"If there is no oxygen, cells do anaerobic respiration. This makes less energy than aerobic respiration and creates lactic acid. It happens in the cell.",partial
respiration,"Cells need fuel, which is glucose. They break it down completely using oxygen in the mitochondria. Then the cell can use that energy to do work.",partial
respiration,"Basically, respiration is how we turn food into energy. We break down glucose into ATP, and this happens inside the mitochondria of the cell.",partial
respiration,"The cell uses glucose for fuel. Inside the mitochondria, it turns the glucose into ATP using oxygen. Carbon dioxide and water are made as waste products during this.",partial
respiration,"When you don't have enough oxygen, your body does anaerobic respiration. It produces less energy and makes things like lactic acid. It's not as good as aerobic respiration.",partial
respiration,Respiration is the way cells create energy. They take glucose and break it down to create ATP. This happens in the mitochondria. It is very important for life.,partial
respiration,"Cells must have ATP to do work. They make this by breaking down glucose, but they need oxygen to do it completely. Most of this occurs in the mitochondria.",partial
respiration,"In the mitochondria, cells break down glucose to release energy. This energy is stored as ATP. We need this to survive.",partial
respiration,The process of respiration uses oxygen to break down glucose into ATP. This happens in the mitochondria and releases carbon dioxide and water as waste.,partial
respiration,Cellular respiration is the process by which cells break down glucose in the presence of oxygen to release energy in the form of ATP.,memorized
respiration,Respiration is the process of releasing energy from food by oxidising glucose to form carbon dioxide and water. Mitochondria are the powerhouse of the cell because this happens there.,memorized
respiration,Cellular respiration is how cells break down glucose with oxygen to get energy as ATP. It is the process of releasing energy from food.,memorized
respiration,The mitochondria is the powerhouse of the cell because respiration occurs there. Respiration is the process of releasing energy from food by oxidising glucose to form carbon dioxide and water.,memorized
respiration,"Is the process by which cells break down glucose in the presence of oxygen to release energy in the form of ATP. This happen in the mitochondria, the powerhouse of the cell.",memorized
respiration,"Respiration is the process of releasing energy from food by oxidising glucose to form carbon dioxide and water, and this is why mitochondria are called the powerhouse of the cell.",memorized
respiration,Cellular respiration is the process by which cells break down glucose in the presence of oxygen to release energy in the form of ATP. Mitochondria are known as the powerhouse of the cell.,memorized
respiration,Respiration is the process of releasing energy from food by oxidising glucose to form carbon dioxide and water. I know that respiration happens in the mitochondria because it is the powerhouse of the cell.,memorized
respiration,"Cellular respiration is the process where cells break down glucose with oxygen to release energy as ATP. Basically, respiration is the process of releasing energy from food by oxidising glucose to form carbon dioxide and water.",memorized
respiration,"Mitochondria are known as the powerhouse of the cell because respiration occurs there, which is the process of releasing energy from food by oxidising glucose to form carbon dioxide and water.",memorized
respiration,Respiration is just when you breathe in oxygen and breathe out carbon dioxide. It happens in your lungs to keep you alive.,wrong
respiration,"Cells don't actually need to eat anything, they just make energy from nothing inside the mitochondria. It's like magic power for your body.",wrong
respiration,"My biology teacher said plants only do photosynthesis, so they definitely don't do respiration. Only animals have cells that need energy.",wrong
respiration,"Basically, respiration is the same as breathing. You inhale air into your lungs and that is where the energy comes from. It's super simple.",wrong
respiration,"I think cellular respiration is when the lungs turn air into fuel for the muscles. If you stop breathing, your cells stop working instantly.",wrong
respiration,"The mitochondria is where the body gets energy, but this is only for people. Plants don't have mitochondria because they only use the sun to get food.",wrong
respiration,Is respiration not just breathing? My textbook says it happens in the lungs so it must be the same thing.,wrong
respiration,Respiration is making energy from nothing. We just need to breathe in and out and the energy just appears in our cells. This happens in the lungs.,wrong
respiration,"Plants are totally different from us. They do photosynthesis, so they have no need for respiration. Only humans and animals do that in their lungs.",wrong
respiration,"Respiration is the act of breathing oxygen through our lungs to create energy. Without the lungs, the body can't make any power at all.",wrong
acids_and_bases,"Basically, acids put hydrogen ions into water, and bases are the ones that take protons. The pH scale just measures how many of those ions are floating around. When you mix them together, they turn into salt and water. Also, strong acids completely break apart when you put them in water, and once an acid gives away its proton, it turns into something called a conjugate base.",good
acids_and_bases,"Acids give away protons while bases take them in. If you use a strong acid, it splits up completely in the water. After the acid lets go of that proton, it's actually a conjugate base now. The pH scale tells you the concentration of hydrogen ions, and if you combine an acid and a base, you get water and a salt.",good
acids_and_bases,Acids make hydrogen ions in water. Bases are proton acceptors. pH scale show concentration. Acid + base = water + salt. Strong acid dissociate fully. Acid after losing proton is conjugate base.,good
acids_and_bases,"So, acids donate protons to other stuff, and bases are the receivers. It’s cool because when an acid loses that proton, it becomes a conjugate base. If the acid is really strong, it just totally dissociates in water. The pH scale basically maps out the concentration of those ions, and when you react an acid with a base, they make salt and water.",good
acids_and_bases,"Acids are proton donors. Bases are proton acceptors. When an acid loses a proton, it becomes a conjugate base. Strong acids dissociate fully. Neutralization makes water and salt. The pH scale measures the concentration of H+ ions.",good
acids_and_bases,"Acids release H+ ions when put in water, and bases act like they want to catch protons from other molecules. The pH scale is a way to calculate how concentrated those hydrogen ions are. If you react them, you get salt and water. Also, strong acids just fully fall apart in water, and the thing left over from an acid is the conjugate base.",good
acids_and_bases,"I think acids are donors of protons and bases are receptors. If you have a strong acid it dissociates entirely in water. When an acid lose a proton it become a conjugate base. You can measure the hydrogen ion concentration using the pH scale. Finally, mixing an acid and base creates salt and water.",good
acids_and_bases,"Acids release hydrogen ions in water, while bases take protons from things. The pH scale is how we tell the concentration of hydrogen ions. When they react, they make salt and water. Strong acids dissociate completely. Also, every acid turns into a conjugate base once it loses its proton.",good
acids_and_bases,"Acids give off hydrogen ions when they are in water, and bases accept protons. The pH scale tells you the concentration of hydrogen ions. Strong acids break apart completely in water. After losing a proton, the acid becomes a conjugate base. They make salt and water when mixed.",good
acids_and_bases,"If you put an acid in water, it gives off hydrogen ions. Bases are basically proton hunters that take protons from other molecules. The pH scale is used to check how concentrated the hydrogen ions are. When an acid and base meet, they neutralize to form salt and water. Strong acids dissociate 100% in water, and the leftover part of the acid is called a conjugate base.",good
acids_and_bases,Acids release hydrogen ions in water. Bases accept protons. The pH scale shows hydrogen ion concentration. Acid + base = water + salt. Strong acid dissociate fully. Acid after proton loss = conjugate base.,good
acids_and_bases,"So, an acid releases hydrogen ions in water and a base accepts a proton. The pH scale is like a ruler for how many hydrogen ions are there. Strong acids don't stay together, they dissociate fully. When they react, they create salt and water. Also, once the acid loses that proton, it becomes a conjugate base.",good
acids_and_bases,"Acids release H+ in water, and bases grab protons. The pH scale measures that concentration. When they react, you get water and salt. Strong acids dissociate fully in water. If an acid loses a proton, it's a conjugate base now.",good
acids_and_bases,Basically acids donate protons and bases accept them. When an acid gives up a proton it becomes a conjugate base. Strong acids dissociate completely in water. The pH scale measures the hydrogen ion concentration. Acids and bases react to form water and salt.,good
acids_and_bases,"Acids release hydrogen ions when added to water and bases are known to accept protons from other things. You can figure out the concentration of hydrogen ions using the pH scale. When an acid and a base combine, they produce water and salt. Also, strong acids dissociate completely in a solution, and after an acid loses its proton, it is technically a conjugate base.",good
acids_and_bases,"Acids are things that release hydrogen ions when they are in water. I also know that when you mix an acid and a base, they make salt and water. That is pretty much all I remember about how they react.",partial
acids_and_bases,"The pH scale is how we measure how acidic or basic a liquid is based on how many hydrogen ions are floating around. If it is low on the scale it is an acid, and high means it is a base.",partial
acids_and_bases,"So basically, acids are proton donors and bases are proton acceptors, like in the Brønsted-Lowry definition. If you put them together, they neutralize each other to make salt and water.",partial
acids_and_bases,"Strong acids are ones that break apart completely in water, unlike weak ones. Also, when an acid loses a proton, it turns into a conjugate base. It is kind of like a cycle.",partial
acids_and_bases,"In chemistry, we learned that acids donate protons and bases take them. The pH scale just tells you how much acid is there by looking at the concentration of hydrogen ions.",partial
acids_and_bases,"When you have an acid, it gives away protons. Bases do the opposite and accept them. I think that happens when they are dissolved in water.",partial
acids_and_bases,"My teacher said that strong acids dissociate totally in a solution. Every time an acid loses a proton, it creates a conjugate base, which is interesting to think about.",partial
acids_and_bases,"Acids make hydrogen ions in water, which is why they are acidic. We use the pH scale to measure this concentration. It goes from 1 to 14 usually.",partial
acids_and_bases,"Acids and bases react together to form salt and water, which is a neutralization reaction. Also, bases are molecules that accept protons from other substances.",partial
acids_and_bases,"If an acid is strong, it splits up completely into ions when you put it in water. After it loses a proton, it becomes a conjugate base.",partial
acids_and_bases,The pH scale is a way to see how concentrated the hydrogen ions are. Acids are proton donors and bases are proton acceptors. That is the main thing.,partial
acids_and_bases,"I know that acids give off hydrogen ions and bases are proton acceptors. When they react, they make salt and water, but I am not sure about the conjugate base part.",partial
acids_and_bases,"Strong acids fully dissociate in water, meaning they all break apart. Then after they lose their proton, they change into a conjugate base.",partial
acids_and_bases,Acids and bases react to form water and salt. The pH scale helps us know how much hydrogen ion concentration is in the water.,partial
acids_and_bases,"A base accepts protons from other molecules. Also, when an acid loses its proton, it becomes a conjugate base. This happens in chemical reactions.",partial
acids_and_bases,"According to the Brønsted-Lowry theory, an acid is defined as a proton donor, while a base is defined as a proton acceptor. Also, the pH scale provides a logarithmic measure of the concentration of hydronium ions in an aqueous solution.",memorized
acids_and_bases,"Neutralization occurs when equivalent amounts of hydronium and hydroxide ions combine to form water, resulting in a neutral solution. Strong acids fully dissociate in aqueous solution. Every acid becomes a conjugate base after proton loss.",memorized
acids_and_bases,Acids release hydrogen ions in water and bases accept protons from other molecules. The pH scale quantifies hydrogen ion concentration. Acids and bases react to form water and salt.,memorized
acids_and_bases,"I know that according to the Brønsted-Lowry theory, an acid is defined as a proton donor, while a base is defined as a proton acceptor. This is because acids release hydrogen ions in water and bases accept protons from other molecules.",memorized
acids_and_bases,"The pH scale provides a logarithmic measure of the concentration of hydronium ions in an aqueous solution. Neutralization occurs when equivalent amounts of hydronium and hydroxide ions combine to form water, resulting in a neutral solution. Is this right?",memorized
acids_and_bases,"Every acid becomes a conjugate base after proton loss. Also, strong acids fully dissociate in aqueous solution. I think that is everything.",memorized
acids_and_bases,"In chemistry, acids and bases react to form water and salt. The pH scale provides a logarithmic measure of the concentration of hydronium ions in an aqueous solution. This is the definition.",memorized
acids_and_bases,"My book say that according to the Brønsted-Lowry theory, an acid is defined as a proton donor, while a base is defined as a proton acceptor. Also, strong acids fully dissociate in aqueous solution, which means they lose all their protons.",memorized
acids_and_bases,Acids release hydrogen ions in water. Bases accept protons from other molecules. Every acid becomes a conjugate base after proton loss. That is what I learned.,memorized
acids_and_bases,"Neutralization occurs when equivalent amounts of hydronium and hydroxide ions combine to form water, resulting in a neutral solution. Also, the pH scale provides a logarithmic measure of the concentration of hydronium ions in an aqueous solution.",memorized
acids_and_bases,"Acids are always liquids that burn you, but bases are just powders like baking soda so they aren't really dangerous. If you mix them together, you get water and salt, but the pH doesn't always have to be exactly 7 for it to be neutralized.",wrong
acids_and_bases,"I think an acid is anything that gives off hydrogen ions. A base is only a base if it has an OH in the formula, like NaOH. Neutralization always makes a 7.0 pH solution because that's just the definition of neutral.",wrong
acids_and_bases,"Wait, so if something has a pH lower than 7, it is an acid, right? But like, soda has a pH of 3 and I drink it all the time, so clearly all acids are safe to touch if the number isn't too low. Also bases need to have hydroxide in them to work.",wrong
acids_and_bases,"Acids are proton donors according to chemistry. Bases are acceptors, but I am confused because I thought a base always had to have an OH in the chemical name. And neutralization reactions always end at exactly 7.0 pH.",wrong
acids_and_bases,"Acid is liquid and base is powder. Everyone know this. If I have acid it burn me, but if I have pH lower than 7 it is safe, no? I learn that acids make conjugate base after lose proton.",wrong
acids_and_bases,"My teacher said neutralization reactions always result in a pH of 7.0 exactly. Also, if you have a base, it has to have an OH- in the chemical formula for it to be a real base. Acids are just liquids that release H+ ions.",wrong
acids_and_bases,"Acids give away protons and bases take them, that part is easy. But I get confused about the pH scale. It's supposed to show hydrogen concentration, but I know for a fact that any acid with a pH below 7 is totally safe to handle with bare hands.",wrong
acids_and_bases,"In my lab, we found out that acids are always liquids and bases are just powders. We mixed them to make salt and water, and my partner said neutralization makes the pH 7.0, but our test strip said 7.2. I guess it was close enough.",wrong
acids_and_bases,"Basically, acids are substances that release hydrogen ions, but only the liquid ones count. Bases are only bases if they have hydroxide in the formula. If you mix an acid and a base, the result is always neutral 7.0 pH, no matter what.",wrong
acids_and_bases,"The pH scale measures hydrogen, but like, you don't have to worry about acids with a pH below 7 because they aren't strong enough to hurt you. Plus, everyone knows that acids are liquids and bases are just solid powders.",wrong
ohms_law,"Basically, Ohm's law is just a way to figure out how electricity moves through stuff. Voltage is like the push, current is how much charge is moving, and resistance is what tries to stop it. If you have a normal component, the voltage and current are tied together directly, and you can just multiply the current by the resistance to get the voltage.",good
ohms_law,"So, for a circuit to work, you need a voltage difference which acts like pressure. This makes the current—the flow of electrons—move through the wires. The resistance is how hard it is for those electrons to get through. The whole thing follows the formula V equals I times R.",good
ohms_law,"Ohm's Law shows how V, I, and R interact. V is the electrical potential, I is the flow of charge, and R is the obstacle to that flow. If the temperature stays the same in a simple resistor, then doubling the voltage will double the current because they are proportional.",good
ohms_law,"I think Ohm's Law explains that if you have a component that follows these rules, the voltage is always proportional to the current. You can calculate the voltage by taking the current and multiplying it by the resistance. Resistance is just how much a material resists the flow of electrons.",good
ohms_law,"If you want to know about electric circuits, you look at voltage as the difference in energy between two points. Current is how fast the charge is going, and resistance is what slows it down. The rule is V = I * R, which links them all up.",good
ohms_law,"When you look at a resistor, the voltage across it is equal to the current going through it times the resistance. It’s pretty simple once you realize that resistance is just what makes it harder for the current to flow. The voltage provides the push to make the current happen.",good
ohms_law,Ohm's Law is V = IR. It basically means the potential difference is related to how much stuff is flowing and how much it is being resisted. It works for ohmic stuff where the temperature doesn't change the outcome.,good
ohms_law,"Electricity flows because of a voltage difference, and the amount that flows is called current. The material has some resistance that fights the current. If it's an ohmic material, V equals I times R is always true.",good
ohms_law,"Is it true that V equals I times R? Yes, I learned that in class. The voltage is the push, current is the flow, and resistance is the block. They all have to balance out.",good
ohms_law,"Voltage is the electrical potential between two spots. Current is the rate of flow. Resistance is the opposition. So, V = IR shows how these three are connected in a proportional way for simple resistors.",good
ohms_law,"I understand that V = IR is the main formula. V is the potential difference, I is the current, and R is resistance. It means if you have more push, you get more flow, unless the resistance is really high.",good
ohms_law,The Law of Ohm is for when current is proportional to voltage. The resistance value is constant if the temp is constant. Formula is V equals I times R.,good
ohms_law,My teacher said that voltage is like the energy difference. Current is the moving charge. Resistance is the thing that makes it hard to flow. Using V=IR helps us calculate values in a circuit.,good
ohms_law,"Basically, you have voltage causing current to flow, but resistance limits it. If you multiply the current by the resistance, you get the voltage. This works for things that follow the law.",good
ohms_law,"When you have a constant resistance, the current is directly proportional to the voltage. This makes sense because the more energy you have pushing the charge, the more charge moves through the circuit, as long as the resistance stays the same.",good
ohms_law,Ohm's Law is basically just the formula V = IR. It explains how voltage and current work together in a circuit. I think it's pretty simple.,partial
ohms_law,"If you want to know how much current is moving, you can use Ohm's Law. It says V equals I times R. So if you have the voltage and the resistance, you just multiply them.",partial
ohms_law,"Voltage is like the pressure pushing charge through a wire. Ohm's Law says that V = IR, which is the main way we calculate stuff for physics class.",partial
ohms_law,"Current is how fast the charges go through the conductor. When the resistance gets higher, the current has a harder time moving. The math for this is V = IR.",partial
ohms_law,"In my understanding, Ohm's law is about how voltage and current are related. The formula is V=IR, so they are directly proportional. I just don't really get what resistance is supposed to be though.",partial
ohms_law,"Voltage is the energy difference between two points. To find it, you multiply the current by the resistance. It works for most circuits I have seen.",partial
ohms_law,The formula is V = I times R. It shows how the current changes based on how much resistance is in the way. It is a really useful rule for basic circuits.,partial
ohms_law,"I know that V = IR is the formula. It means that if you have more resistance, the current changes. I'm not totally sure what voltage actually represents, though.",partial
ohms_law,"Ohm's law mean that voltage and current are the same thing mostly? No, wait, they are proportional. So if you have a V and an R, you get the current. It is simple math.",partial
ohms_law,"If you have a circuit, the resistance stops the current from flowing too fast. That's why we use the equation V = IR to figure out the numbers.",partial
ohms_law,"The electric charge moves through a conductor, which we call current. Ohm's law says that current is proportional to voltage. The equation is V equals I times R.",partial
ohms_law,"I am not sure, but Ohm's law relates current and resistance to voltage. If I know the voltage and the resistance, I can find the current using the formula V = IR.",partial
ohms_law,The potential difference is called voltage. Ohm's Law tells us how this relates to the current flowing. It is just V = IR.,partial
ohms_law,"Resistance is the thing that opposes current. So in a circuit, V = IR shows how these things connect. I think I understand that much.",partial
ohms_law,"Voltage is the energy difference. When you multiply current and resistance, you get the voltage. That is what Ohm's Law is about.",partial
ohms_law,"Ohm's Law states that the current flowing through a conductor between two points is directly proportional to the potential difference across the two points. The fundamental relationship is V = IR, where V is voltage, I is current, and R is resistance.",memorized
ohms_law,"For an ohmic conductor maintained at a constant temperature, the ratio of voltage to current remains constant, a value defined as resistance. That is the definition I learned for my test.",memorized
ohms_law,The equation is V = IR. This means voltage is I times R. It says the current is directly proportional to the potential difference.,memorized
ohms_law,"Teacher, Ohm's Law says current is directly proportional to the potential difference. The formula is V=IR, so V is voltage, I is current, and R is resistance. I memorized it exactly.",memorized
ohms_law,V equals I times R. This is because the ratio of voltage to current is constant in ohmic conductors if the temp is the same. Resistance is that constant.,memorized
ohms_law,"The rule is: the current flowing through a conductor between two points is directly proportional to the potential difference across the two points. So like, V = IR.",memorized
ohms_law,Voltage is potential difference and current is the flow. Ohm law say the current is proportional to voltage. V = IR is the formula for calculating it.,memorized
ohms_law,"If the temperature is constant, the ratio of voltage to current is always the same, and we call this resistance. The formula is V = IR, representing the relationship between the three variables.",memorized
ohms_law,Ohm's law is V = IR. It state that current flowing through a conductor is directly proportional to the potential difference across the two points. Very simple.,memorized
ohms_law,"Ohm's Law states that the current flowing through a conductor between two points is directly proportional to the potential difference across the two points, and for an ohmic conductor at constant temperature, the ratio of voltage to current is constant, defined as resistance. The fundamental relationship is expressed by V = IR.",memorized
ohms_law,"Ohm's law says that V equals I times R, which is basically the same thing as saying voltage is just how much current you have moving at once. It's like, more volts means more current, so they are just two words for the same power.",wrong
ohms_law,"I think Ohm's law is a universal rule for all electronics. Whether you are using a simple resistor, a complex diode, or a transistor, the formula V=IR is always going to work perfectly to describe what's happening inside.",wrong
ohms_law,"Voltage is like the push from the battery, but the battery also holds all the resistance. When you connect a light bulb, the battery uses its internal resistance to stop the current from going too fast, which is why the light glows.",wrong
ohms_law,"Basically, the light bulb eats up the current as it passes through. By the time the electricity comes out the other side of the bulb, most of the current is consumed, which is why there's less power left over.",wrong
ohms_law,Ohm's Law is simple. V=IR means voltage is current multiplied by resistance. Resistance is clearly a property of the battery because that's where the electricity starts its journey from.,wrong
ohms_law,"I am confuse because the teacher say current flow through conductor but the light bulb take the current to make light. So current is not staying same, it is consumed by device, no?",wrong
ohms_law,"Ohm's Law is definitely a universal law. I tried using V=IR on my LED circuit and it didn't work, but my textbook says it's a fundamental law, so it must apply to all electrical components including semiconductors like transistors.",wrong
ohms_law,"Current is basically just the speed of the charge, and voltage is the same thing, just a different unit. When you have high resistance, it just means the battery is weak and can't push the current through.",wrong
ohms_law,"The light bulb uses all the current up, so that's why current isn't the same on both sides. Resistance is just how much the battery resists pushing the current out.",wrong
ohms_law,"Ohm's law works for everything. It is universal rule. Resistors and transistors and diodes, all of them follow V=IR exactly. If it is electric, it follows this law.",wrong
recursion_in_programming,"Recursion is like when a function calls itself to break down a big problem into smaller pieces. You need a base case so it knows when to quit, otherwise it just runs forever. Each time it calls itself, the computer makes a new frame on the stack to save the variables. Once it hits the end, it sends all the answers back up the chain.",good
recursion_in_programming,"Think of recursion as a loop but the function is calling itself instead of using a for-loop. It needs a stopping point, called a base case, which keeps the computer from crashing. The program keeps track of where it is by using the call stack to store each step. When the math is finally done, the results bubble back up.",good
recursion_in_programming,"I think recursion is a bit confusing but cool. It is basically a function that includes itself in the code. To make sure it finishes, you have to write a condition that stops it. Every time it calls itself, a new frame is added to the stack memory. After it hits that stop condition, it returns the values back through the stack until it finishes.",good
recursion_in_programming,"Recursion works by the function calling itself with a smaller input each time until it hits the base case. The base case is super important because without it, the program would just loop until it runs out of memory. The stack keeps track of all the previous calls. Then it passes the result back through all those layers.",good
recursion_in_programming,"My teacher explained that recursion is a way to solve things by repeating the process on smaller versions of the same thing. You need a condition for the program to stop, or else you get a stack overflow. The computer manages all these layers by stacking frames on top of each other. Once the last one finishes, it returns the data back up.",good
recursion_in_programming,"Is it like nested dolls? A function runs, triggers itself, and makes a smaller version. It uses the call stack to remember the 'state' of each step. The base case is the smallest doll where you stop opening them. Then you move back up the stack to give the answer.",good
recursion_in_programming,"When I use recursion, I write a function that performs an action and then calls its own name again inside the body. I make sure to include an 'if' statement that breaks the loop so it doesn't run forever. The computer puts each recursive call on the stack and only pops them off once the result is ready to be sent back.",good
recursion_in_programming,Recursion is a clever technique where a function calls itself to solve smaller pieces of a problem. It relies on a base case to exit. The system handles this using a call stack to remember where we are. It’s like doing work as you go down and returning the result as you go back up.,good
recursion_in_programming,"Recursive functions are functions that call itself inside. You need base case for stopping. Each call go to stack frame. When base case happen, the stack pop back and return value.",good
recursion_in_programming,"To do recursion, a function needs to call its own code. It solves the problem by passing smaller inputs until it hits a stopping point called a base case. This keeps the memory in check by adding frames to the stack. Once it's finished, the frames pass the answer back up to the first caller.",good
recursion_in_programming,"Recursion is basically a function that keeps calling itself until it reaches a specific state where it stops. We call that the base case. The computer uses the stack to keep track of these nested calls. Once we have the answer from the base case, we send it back through all the previous layers.",good
recursion_in_programming,"Basically, recursion is a function that contains a call to itself. It keeps making smaller and smaller versions of the problem. It uses a stack to manage all those different levels. If you forget the base case, the stack will just keep growing until the program errors out.",good
recursion_in_programming,I like to think of recursion as solving a big task by repeating a smaller version of it. A function calls itself and builds up a stack of operations. The base case stops the repetition. Then the results travel back down the stack until the final answer is calculated.,good
recursion_in_programming,"Recursion happens when a function calls itself inside the logic. You definitely need a base case so the recursion stops. The computer puts every single call on the stack to remember the data. Once the base case is reached, the function returns the value back up through the layers it created.",good
recursion_in_programming,"When a function uses recursion, it triggers itself again with a smaller problem. The stack keeps track of every frame, so it knows what to do later. It hits a base case to stop. Then the results move back out of the stack.",good
recursion_in_programming,"Recursion is basically when a function calls itself inside its own code. You have to include a base case so it doesn't run forever, or the program will just crash. It's kind of like a loop that keeps happening until a specific point is met.",partial
recursion_in_programming,"So, recursion is like a function that calls itself to break down a big problem into smaller pieces. Every time it calls itself, the problem gets a bit easier until it hits the base case. It is a really cool way to write code instead of using normal loops.",partial
recursion_in_programming,"I think recursion is just a function calling itself over and over. It needs to stop eventually at a base case, or it will never end. It's really useful for things like tree traversal or sorting lists.",partial
recursion_in_programming,"When we use recursion, the function calls itself again and again. The computer puts these calls on a stack, and then it goes back through them to finish the math. I get the stack part, but I'm not totally sure how the base case helps exactly.",partial
recursion_in_programming,Recursion involves a function that keeps calling itself to solve parts of a bigger task. You need a base case so the function knows when to quit. The computer keeps track of all these calls in memory until it returns the final answer.,partial
recursion_in_programming,"In my understanding, recursion is when you write a function and call the same function inside it. It has to have a base case to stop the loop. This way, the input gets smaller every time until we reach the answer.",partial
recursion_in_programming,"Recursion is when a code block repeats itself by calling the function again inside. It's important to have a base case so it stop. I like how it makes complex tasks easier to read, even if it uses memory on the call stack.",partial
recursion_in_programming,"It is a technique where the function calls itself. The problem gets smaller each time until we hit a base case. It works by creating new frames on the stack, which is how it keeps track of the data.",partial
recursion_in_programming,"My teacher said that recursive functions call themselves. They also have a base case so the recursion stops. I am still a bit confused about how the stack moves the results backwards, but the base case part makes sense to me.",partial
recursion_in_programming,"Basically, recursion is when you call a function inside itself. It’s useful for big problems because it makes them into smaller ones. As long as you have a base case, the computer will stop and give you the result.",partial
recursion_in_programming,"Recursion is a way to solve problems by calling the same function again. Every time it calls itself, the input is reduced until it hits the base case. The computer tracks this using the stack, then it goes back to finish.",partial
recursion_in_programming,"I know that recursion is a method where a function calls itself. It needs a base case to prevent the code from running forever. The computer uses memory to handle all the calls, so it's not exactly the same as a loop.",partial
recursion_in_programming,"When a function calls itself, it is recursion. It uses a base case to stop. I think the stack is where it keeps track of the variables for each step, which is useful for solving the problem.",partial
recursion_in_programming,"Recursion mean the function call itself many time. It need base case for finish. If no base case, the code run infinite time and error. I think this is good for math problem.",partial
recursion_in_programming,"A recursive function calls itself to solve smaller versions of the main task. It stops when it hits the base case. The computer remembers where it is using a stack, so it knows what to do after the call is done.",partial
recursion_in_programming,"Recursion is a method of solving problems where the solution depends on solutions to smaller instances of the same problem. A recursive function must possess a well-defined base case to prevent infinite execution and ensure program termination. During execution, each recursive call consumes memory on the call stack, maintaining the local state for each level of the recursion.",memorized
recursion_in_programming,"Teacher, I learned that recursion is when a function solves a problem by depending on smaller instances of the same problem. Also, it has to have a base case so it doesn't run forever. Every time you call the function, it uses the call stack to save the state.",memorized
recursion_in_programming,Recursion is a method of solving problems where the solution depends on solutions to smaller instances of the same problem. You have to have a base case to ensure program termination. It uses memory on the call stack for local state.,memorized
recursion_in_programming,"Recursive function is method to solve problems where the solution depends on smaller instances of same problem. Must have base case to stop execution. Also, each call use memory on call stack for maintain local state.",memorized
recursion_in_programming,A recursive function must possess a well-defined base case to prevent infinite execution and ensure program termination. It is a method of solving problems where the solution depends on solutions to smaller instances of the same problem. The system uses the call stack to keep the state for each level.,memorized
recursion_in_programming,"Recursion is defined as a method of solving problems where the solution depends on solutions to smaller instances of the same problem. Basically, a recursive function must possess a well-defined base case to prevent infinite execution and ensure program termination. During execution, each recursive call consumes memory on the call stack, maintaining the local state for each level of the recursion, which is very important.",memorized
recursion_in_programming,Is the definition that recursion is a method of solving problems where the solution depends on solutions to smaller instances of the same problem? I know it needs a base case to ensure termination and that calls use the call stack to maintain local state.,memorized
recursion_in_programming,"Recursion is method where solution depends on smaller instances of same problem. Must have base case to prevent infinite execution. During execution, each call consume memory on call stack to keep local state for each level.",memorized
recursion_in_programming,"I memorized that recursion is a method of solving problems where the solution depends on solutions to smaller instances of the same problem. Also, a recursive function must possess a well-defined base case to prevent infinite execution and ensure program termination. Finally, during execution, each recursive call consumes memory on the call stack, maintaining the local state for each level of the recursion.",memorized
recursion_in_programming,"Recursive function must possess a well-defined base case to prevent infinite execution and ensure program termination. It is a method of solving problems where the solution depends on solutions to smaller instances of the same problem. During execution, each recursive call consumes memory on the call stack.",memorized
recursion_in_programming,"Recursion is way better than loops because the computer does it all at once in parallel, so it saves a ton of processing time.",wrong
recursion_in_programming,"I know how recursion works. Since it uses memory and keeps calling itself, it is definitely the most efficient way to write code compared to old-school loops.",wrong
recursion_in_programming,"Basically, if you put an 'if' statement inside your function, it automatically becomes recursive. It just keeps checking the condition until it finishes, which is why it's faster for math stuff.",wrong
recursion_in_programming,"The computer runs recursive functions by doing all the steps at the same time in parallel. This makes it super fast, especially for complex mathematical calculations that loops can't handle well.",wrong
recursion_in_programming,"Teacher, I use recursion for everything because it is always more efficient than loops. My program is recursive because I have a conditional statement that checks if the input is zero.",wrong
recursion_in_programming,You need recursion if you are doing any math in your code. It is faster because the computer works on all levels of the problem simultaneously instead of one by one like loops.,wrong
recursion_in_programming,"Recursion is just a fancy loop that the computer processes parallelly. It's the only way to solve hard math problems, and it's always faster than an iterative loop.",wrong
recursion_in_programming,"It is true that recursive functions are required for any mathematical calculations. Also, it is much better than loops because the computer executes every single recursive call at the same time.",wrong
recursion_in_programming,"I think recursion is just a function with an if-statement inside. My code is recursive because I used an 'if' to check if the number is big, and it works way faster than loops because it runs everything in parallel.",wrong
recursion_in_programming,"Recursion is always the best choice for speed. If you have any math to solve, you must use recursion because it runs everything at once rather than doing loops which are slow.",wrong
supply_and_demand,"Basically, when things get expensive, people don't want to buy them as much, but shops want to sell more to make money. The price moves around until it hits a middle spot where everyone is happy with the amount being bought and sold. If the price is too high or low, it doesn't stay there for long because the market naturally pushes it back to that balance point.",good
supply_and_demand,"I think supply and demand is about how prices find their level. If sellers ask for too much, stuff just sits there, so they have to lower the price. If it's too cheap, they run out of stock and bump the price up. It's like a constant back and forth until the amount people want matches what’s available.",good
supply_and_demand,"Market prices are just the result of buyers and sellers meeting. When the price is high, buyers pull back, but sellers are super eager. This creates a surplus. To get rid of the extra stuff, sellers have to drop the price, which then brings more buyers back in until it's stable again.",good
supply_and_demand,"So, if a product costs a lot, customers want less, but companies want to make more of it to get profit. When there is too much of something, the price goes down. When there is not enough, the price goes up. Equilibrium is when the amount everyone wants is exactly what's on the shelves.",good
supply_and_demand,"It is simple logic: if price goes up, demand goes down. But suppliers like higher prices. They fight for a balance. If they charge too much, they get a surplus. They must lower price to sell things. Then they reach a level where demand and supply are equal.",good
supply_and_demand,"The price of a thing isn't just random. Buyers will only buy so much at a high price, and sellers will only produce a lot if they can sell it for a profit. The market price is where these two sides agree. If the price is off, you get either a shortage or a pile of unsold items, which forces the price to change until it clears.",good
supply_and_demand,"Prices act like a signal. When a store has too many items, they put them on sale to clear them out, which is downward pressure. When it's rare and everyone wants it, the price climbs. Eventually, it settles where the number of items supplied is the same as the number people want to buy.",good
supply_and_demand,"Demand is when shoppers stop buying because of high costs, and supply is when companies make more to get more cash. Sometimes the price is too high and you get too much stuff, and sometimes it's too low and everything sells out. The price keeps adjusting until it's just right and there's no more leftover stock or missing items.",good
supply_and_demand,"Every item has a sweet spot for price. If sellers go above it, they have way too much supply and no one is buying. If they go below, they have a shortage because everyone wants it. They keep moving the price until it finds that balance point where supply meets demand perfectly.",good
supply_and_demand,"When things are pricey, people stop buying, but stores want to sell more. This causes an imbalance. If there is too much extra stock, the price drops. It keeps wiggling around until it hits the equilibrium where everything balances out.",good
supply_and_demand,"I understand it like this: If I am a seller, I want high prices, but my customers will go away. If I lower the price, customers come back, but I might run out of product. The market price is the point where the amount I have and the amount they want is the same. If it is not the same, the price will change to fix it.",good
supply_and_demand,"Prices are determined by what buyers are willing to pay and what sellers are willing to offer. If there is a surplus, sellers drop prices to get rid of inventory. It moves until the market clears and everything is sold at a point that works for both sides.",good
supply_and_demand,"High prices make people buy less and producers make more. This causes too much supply. To fix this, sellers lower the price. This makes more people buy it. It keeps going until supply and demand match up.",good
supply_and_demand,"Basically, prices are the middle ground between buyers and sellers. When there's a disconnect, like if there's way too much of an item, the price falls until people start buying it again. It's always trying to get to that spot where everything sold matches exactly what people were looking for.",good
supply_and_demand,"The way I see it, the price is just a balancing act. Buyers want low prices, sellers want high ones. If the market is off balance, the price fluctuates until it hits that equilibrium point where there is no excess and no shortage. It's a natural way to make sure the market keeps running.",good
supply_and_demand,"Basically, if something gets too expensive, people stop buying it. But if it's cheap, shops want to sell way more of it to make money. That's why prices change.",partial
supply_and_demand,"I think supply and demand is just about how prices move. Like, if there is way too much of a product sitting in a store, the price will usually drop so people start grabbing it again.",partial
supply_and_demand,"When the price of a cool sneaker goes up, less people buy them because it's too much cash. But the store still wants to sell them so they don't lose out.",partial
supply_and_demand,"The price of a thing usually gets to a point where the store is happy and the buyer is happy. If the price is too high, you get a surplus which is bad for business.",partial
supply_and_demand,"Basically sellers want to sell more if the price is high. But if the store is not selling enough, they lower the price to get rid of the stock.",partial
supply_and_demand,"So like, if people really want a game, the price goes up because of demand. Equilibrium is just when the price is stable and everything matches up.",partial
supply_and_demand,"I understand that when things cost more, buyers buy less, which makes sense. Also, if there is a surplus, the price will go down until it's back to normal.",partial
supply_and_demand,"If the market price is not at the right spot, there is too much stuff or not enough stuff. Prices keep moving around until everything is balanced perfectly.",partial
supply_and_demand,Economic equilibrium is when quantity supplied equals quantity demanded. It means buyers and sellers agree on the price point so nothing is left over.,partial
supply_and_demand,"Prices are determined by what people want to buy and what companies want to sell. If the price is high, suppliers sell more, but if the price is too high, we see a surplus.",partial
supply_and_demand,"My teacher said that when price go up, people buy less. Then the market try to fix the price until it is balanced, but this take some time to happen.",partial
supply_and_demand,"Usually, companies change prices to clear out extra stock. When the quantity that people want to buy is the same as what the store has, the market is in equilibrium.",partial
supply_and_demand,"Supply is how much the store has, and demand is how much I want. When they don't match, the price changes until it gets to the equilibrium point.",partial
supply_and_demand,"If the price is too high, companies have a surplus because nobody is buying. They have to lower the price to sell the goods, so it clears the imbalance.",partial
supply_and_demand,"The law of demand says if price is higher, I buy less. But the supply side is different because businesses like it when the price is higher so they offer more product.",partial
supply_and_demand,"The law of demand states that, ceteris paribus, an increase in the price of a good results in a decrease in the quantity demanded. This means when things get pricey, people just buy less of them.",memorized
supply_and_demand,"Market equilibrium occurs at the price point where the intentions of buyers and sellers align, resulting in no tendency for price changes. Basically, everyone is happy with the price so it stays the same.",memorized
supply_and_demand,"When the prevailing market price is above the equilibrium level, a surplus emerges, exerting downward pressure on the price. I memorized that if it's too high, it goes down.",memorized
supply_and_demand,"The law of demand states that, ceteris paribus, an increase in the price of a good results in a decrease in the quantity demanded. Market equilibrium occurs at the price point where the intentions of buyers and sellers align, resulting in no tendency for price changes. When the prevailing market price is above the equilibrium level, a surplus emerges, exerting downward pressure on the price. That is the whole concept.",memorized
supply_and_demand,"The law of demand say that, ceteris paribus, if price go up, quantity demanded go down. Also equilibrium happen when buyer and seller match and no price change happen. If price is too big, then is surplus and price go down.",memorized
supply_and_demand,"Market equilibrium occurs at the price point where the intentions of buyers and sellers align, resulting in no tendency for price changes. It is just the point where supply equals demand.",memorized
supply_and_demand,"When the prevailing market price is above the equilibrium level, a surplus emerges, exerting downward pressure on the price. This is what my notes say about how imbalances work.",memorized
supply_and_demand,"The law of demand states that, ceteris paribus, an increase in the price of a good results in a decrease in the quantity demanded. This is the first rule we learned in class.",memorized
supply_and_demand,"For economics, the law of demand states that, ceteris paribus, an increase in the price of a good results in a decrease in the quantity demanded. I hope this answer is what the teacher wanted.",memorized
supply_and_demand,"If the price is above equilibrium, a surplus emerges, exerting downward pressure on the price. Then market equilibrium occurs at the price point where the intentions of buyers and sellers align, resulting in no tendency for price changes.",memorized
supply_and_demand,"Supply and demand is easy. When a store wants to make more money, they just raise the price of their product because they get to decide how much things cost, not the people buying them.",wrong
supply_and_demand,"Market equilibrium is basically instant. As soon as a trend starts, the price shifts to the perfect spot immediately so there is never really any waste or extra stuff sitting around in warehouses.",wrong
supply_and_demand,"If everyone suddenly wants to buy a new phone, the company will obviously make way more of them to meet the hype. This means the supply curve just shifts to the right automatically when demand goes up.",wrong
supply_and_demand,Prices are just the cost of making the item plus a little profit for the boss. Consumers don't really decide the price because businesses just set it based on how much the factory spent to build it.,wrong
supply_and_demand,"When the price is too high, it stays that way because businesses don't want to lose money. They can just set the price at whatever they feel like, and people will still buy it anyway.",wrong
supply_and_demand,I think supply and demand works like a machine that hits equilibrium the millisecond a store opens. There is no such thing as a surplus or shortage because the market is always balanced.,wrong
supply_and_demand,"When demand grows, the supply curve shifts right because companies are forced to produce more goods. It is just basic math that more people wanting stuff makes the supply move over.",wrong
supply_and_demand,"The price is always determined by how much money the manufacturer spent to produce the good. If it costs ten dollars to make, they sell it for fifteen, and demand doesn't really matter for the final price tag.",wrong
supply_and_demand,"If the market isn't balanced, the price will stay same because firms choose the price, not the buyers. They ignore the quantity people want and just look at production cost.",wrong
supply_and_demand,"It is simple: when demand for a cool shoe goes up, the supply curve moves to the right because the store adds more stock to the shelves. Equilibrium is reached right away without any price changes.",wrong
the_pythagorean_theorem,"Basically, if you have a right triangle, you can find any missing side by squaring the two shorter sides and adding them up, which equals the square of the longest side. This hypotenuse side is always right across from the 90-degree angle. It works no matter how the triangle is flipped around.",good
the_pythagorean_theorem,"The math rule for right triangles is that you take the two legs, square them, and add them together. That total is the same as the hypotenuse squared. It’s like the area of the squares on the legs added together matches the area of the square on the longest side.",good
the_pythagorean_theorem,"If you know two sides of a right-angled triangle, you can calculate the third. You just do a² + b² = c², where c is the hypotenuse. The hypotenuse is the big side that isn't touching the square corner. It's really useful for finding distances.",good
the_pythagorean_theorem,"Only works for right triangles. If you square the two legs and add them, you get the square of the hypotenuse side. I think it is because the squares attached to the legs fit perfectly into the square on the longest side.",good
the_pythagorean_theorem,"To find the hypotenuse, you square a and b, then add them to get c squared. Then you square root it. This works for any triangle that has a right angle. Don't use it on other shapes though.",good
the_pythagorean_theorem,"If you have a triangle with a right angle, the longest side, called the hypotenuse, has a special connection to the other two. If you make squares off each side, the two smaller ones add up to the same area as the big one. So a squared plus b squared equals c squared.",good
the_pythagorean_theorem,"When I have a right triangle, I use this theorem to find a side I don't know. The longest side, the hypotenuse, is opposite the right angle. You just add the squares of the other two sides and that equals the hypotenuse squared.",good
the_pythagorean_theorem,The theorem is for 90-degree triangles only. It helps to calculate the hypotenuse length when you know the other two sides by squaring them and summing them up. It works regardless of how the triangle is placed on the paper.,good
the_pythagorean_theorem,"So like, you have a right angle, and the sides next to it are legs. The side across from the angle is the hypotenuse. If you want the hypotenuse, you square the legs, add them, and then find the square root. The area of the squares built on those legs equals the area of the square on the hypotenuse.",good
the_pythagorean_theorem,I understand that a squared + b squared = c squared is the formula for right-angled triangles. The side c is the longest and is across from the right angle. It lets me find a missing side length if I have the other two.,good
the_pythagorean_theorem,"The Pythagorean theorem is about right triangles. If you take the square of the two shorter sides and add them, it is the same as the square of the hypotenuse side. It is really cool how the areas work out the same.",good
the_pythagorean_theorem,"To find a missing side in a right triangle, you use a^2 + b^2 = c^2. The hypotenuse is the longest side across from the ninety degree corner. It works even if the triangle is rotated.",good
the_pythagorean_theorem,"In a right-angled triangle, the hypotenuse is the longest side. If you build a square on each side, the sum of the area of the two smaller squares equals the area of the largest one. That is why the equation is a squared plus b squared equals c squared.",good
the_pythagorean_theorem,"When you know two sides of a right triangle, you can find the last one. Just remember that the hypotenuse is the one across from the right angle and it is the longest. The sum of the squares of the other two sides matches the square of the hypotenuse.",good
the_pythagorean_theorem,This is a formula used for triangles with a right angle. The side across from the angle is the hypotenuse and it is the longest. You just square the two legs and add them up to find the hypotenuse squared.,good
the_pythagorean_theorem,The Pythagorean theorem is basically just a formula for right triangles. It says a squared plus b squared equals c squared. You use it to find the missing side if you know the other two.,partial
the_pythagorean_theorem,"If you have a triangle with a 90 degree angle, you can find a side length. You just square the two smaller sides and add them up, then square root it to get the hypotenuse.",partial
the_pythagorean_theorem,"The theorem is about squares built on the sides of right triangles. If you take the area of the two smaller squares and add them, you get the area of the big square on the longest side.",partial
the_pythagorean_theorem,I think the rule is a^2 + b^2 = c^2. It works for right triangles where c is the longest side across from the right angle. It helps a lot when you are missing a measurement.,partial
the_pythagorean_theorem,"In any right triangle, the longest side is called the hypotenuse. The math is a squared plus b squared equals c squared, which lets you solve for a side.",partial
the_pythagorean_theorem,You use this to find the side of a triangle if you have a right angle. You square the legs and then you have to add them together. It is helpful for geometry problems.,partial
the_pythagorean_theorem,"The theorem is only for right triangles. If you have the two legs, you just need to square them and add them to get the square of the hypotenuse.",partial
the_pythagorean_theorem,The hypotenuse is the longest side in a triangle with a right angle. The formula a^2 + b^2 = c^2 shows how the sides relate to each other.,partial
the_pythagorean_theorem,"My teacher said that if the triangle has a right angle, we can use the formula to find the missing side. We square the legs and add them. I am pretty sure it is only for this type of triangle.",partial
the_pythagorean_theorem,Is the theorem only for triangles with 90 degrees? I remember the area of the squares on the sides is the same as the big square. I think the formula is a^2 plus b^2 equals c^2.,partial
the_pythagorean_theorem,"If you want to find the hypotenuse, you need to square the legs and add them. This is the way to calculate sides in a triangle that has a right corner.",partial
the_pythagorean_theorem,"The formula is used to find a side length. If you know two sides of a right triangle, you square them and then add those values. It is very useful for checking if a shape is a right triangle.",partial
the_pythagorean_theorem,It is like a geometric relationship for 90 degree triangles. The area of the squares built on the legs equals the area of the square on the longest side.,partial
the_pythagorean_theorem,"When you have a right angle, the side across from it is the longest. The math is easy because you just do a squared plus b squared to get the hypotenuse squared.",partial
the_pythagorean_theorem,"I know this is for right triangles. You take the two legs and square them, and the sum tells you the size of the hypotenuse squared. It helps when you are stuck on a side length.",partial
the_pythagorean_theorem,"The Pythagorean theorem states that in any right-angled triangle, the square of the length of the hypotenuse is equal to the sum of the squares of the lengths of the other two sides. That is the definition.",memorized
the_pythagorean_theorem,"If you have a triangle with legs a and b and hypotenuse c, the governing relationship is expressed by the equation a squared plus b squared equals c squared. This is the formula we need to use.",memorized
the_pythagorean_theorem,The Pythagorean theorem establishes a fundamental geometric relationship between the side lengths of triangles containing a ninety-degree angle. It is for right triangles only.,memorized
the_pythagorean_theorem,"In any right-angled triangle, the square of the length of the hypotenuse is equal to the sum of the squares of the lengths of the other two sides. My teacher said we have to memorize this exactly.",memorized
the_pythagorean_theorem,"The theorem establishes a fundamental geometric relationship between side lengths of triangles with a ninety-degree angle. So, a^2 + b^2 = c^2, where c is the long side.",memorized
the_pythagorean_theorem,"For a triangle with legs a and b and hypotenuse c, the governing relationship is expressed by the equation a squared plus b squared equals c squared. I learn this by heart for the exam.",memorized
the_pythagorean_theorem,"The Pythagorean theorem is about right-angled triangles. In any right-angled triangle, the square of the length of the hypotenuse is equal to the sum of the squares of the lengths of the other two sides. This is correct.",memorized
the_pythagorean_theorem,I know that the Pythagorean theorem establishes a fundamental geometric relationship between the side lengths of triangles containing a ninety-degree angle. That is all I know.,memorized
the_pythagorean_theorem,"For a triangle with legs a and b and hypotenuse c, the governing relationship is expressed by the equation a squared plus b squared equals c squared. Is this enough for the answer?",memorized
the_pythagorean_theorem,"The Pythagorean theorem establishes a fundamental geometric relationship between the side lengths of triangles containing a ninety-degree angle. In any right-angled triangle, the square of the hypotenuse is equal to the sum of the squares of the other two sides.",memorized
the_pythagorean_theorem,"The Pythagorean theorem is pretty easy, you just take the two legs and add them together to get the long side. If you have a triangle and the sides are 3 and 4, the other one is definitely 7 because that's how adding works.",wrong
the_pythagorean_theorem,"Teacher say we use a^2 + b^2 = c^2 for every triangle we see in homework. It work for all shape, not just for the right ones.",wrong
the_pythagorean_theorem,"I don't get why the formula is so complicated. You just have to make sure the right angle is at the bottom left corner, then you just measure the sides. If the right angle is pointed somewhere else, the math doesn't work out right.",wrong
the_pythagorean_theorem,"The hypotenuse is obviously the side on the very top of the triangle. If the triangle is rotated, you have to turn your paper until that side is on top so you can label it c.",wrong
the_pythagorean_theorem,"To find the hypotenuse, you just need to add the two smaller sides together. The squaring part is just extra steps that don't really change the answer much, so I usually skip it.",wrong
the_pythagorean_theorem,Pythagorean theorem is for any triangle. It don't matter if it have a square corner or not. I use it for acute triangles all the time and it works fine.,wrong
the_pythagorean_theorem,"Basically, if you have a triangle, you just square the three sides and add them up. It doesn't matter what kind of triangle it is, the rule applies to all of them, even the weird skinny ones.",wrong
the_pythagorean_theorem,"My math book shows the right angle at the bottom left, so the theorem only applies when the triangle is drawn that way. If the triangle is upside down, the formula is probably totally different.",wrong
the_pythagorean_theorem,"I am confuse about the hypotenuse. I think it is the side that is on top. If the triangle is flat, does it even have a hypotenuse? I think maybe only triangles with top sides have the formula.",wrong
the_pythagorean_theorem,"You just take the two legs and add them, that gives you the long side. Squaring them is just a waste of time. It works on every triangle I've ever drawn, whether it's a right triangle or not.",wrong
